#
# There is insufficient memory for the Java Runtime Environment to continue.
# Native memory allocation (malloc) failed to allocate 2097152 bytes for AllocateHeap
# Possible reasons:
#   The system is out of physical RAM or swap space
#   The process is running with CompressedOops enabled, and the Java Heap may be blocking the growth of the native heap
# Possible solutions:
#   Reduce memory load on the system
#   Increase physical memory or swap space
#   Check if swap backing store is full
#   Decrease Java heap size (-Xmx/-Xms)
#   Decrease number of Java threads
#   Decrease Java thread stack sizes (-Xss)
#   Set larger code cache with -XX:ReservedCodeCacheSize=
#   JVM is running with Unscaled Compressed Oops mode in which the Java heap is
#     placed in the first 4GB address space. The Java Heap base address is the
#     maximum limit for the native heap growth. Please use -XX:HeapBaseMinAddress
#     to set the Java Heap base and to place the Java Heap above 4GB virtual address.
# This output file may be truncated or incomplete.
#
#  Out of Memory Error (allocation.cpp:44), pid=15392, tid=2624
#
# JRE version: Java(TM) SE Runtime Environment (21.0.2+13) (build 21.0.2+13-LTS-58)
# Java VM: Java HotSpot(TM) 64-Bit Server VM (21.0.2+13-LTS-58, mixed mode, sharing, tiered, compressed oops, compressed class ptrs, g1 gc, windows-amd64)
# No core dump will be written. Minidumps are not enabled by default on client versions of Windows
#

---------------  S U M M A R Y ------------

Command Line: --add-opens=java.base/java.lang=ALL-UNNAMED --add-opens=java.base/java.lang.invoke=ALL-UNNAMED --add-opens=java.base/java.util=ALL-UNNAMED --add-opens=java.prefs/java.util.prefs=ALL-UNNAMED --add-exports=jdk.compiler/com.sun.tools.javac.api=ALL-UNNAMED --add-exports=jdk.compiler/com.sun.tools.javac.util=ALL-UNNAMED --add-opens=java.base/java.util=ALL-UNNAMED --add-opens=java.prefs/java.util.prefs=ALL-UNNAMED --add-opens=java.base/java.nio.charset=ALL-UNNAMED --add-opens=java.base/java.net=ALL-UNNAMED --add-opens=java.base/java.util.concurrent.atomic=ALL-UNNAMED --add-opens=java.xml/javax.xml.namespace=ALL-UNNAMED -XX:MaxMetaspaceSize=384m -XX:+HeapDumpOnOutOfMemoryError -Xms256m -Xmx512m -Dfile.encoding=UTF-8 -Duser.country=KR -Duser.language=ko -Duser.variant -javaagent:C:\Users\DAMIN\.gradle\wrapper\dists\gradle-8.14.3-bin\cv11ve7ro1n3o1j4so8xd9n66\gradle-8.14.3\lib\agents\gradle-instrumentation-agent-8.14.3.jar org.gradle.launcher.daemon.bootstrap.GradleDaemon 8.14.3

Host: Intel(R) Core(TM) i5-10210U CPU @ 1.60GHz, 8 cores, 15G,  Windows 10 , 64 bit Build 19041 (10.0.19041.5915)
Time: Thu Nov 20 06:16:02 2025  Windows 10 , 64 bit Build 19041 (10.0.19041.5915) elapsed time: 7819.174680 seconds (0d 2h 10m 19s)

---------------  T H R E A D  ---------------

Current thread (0x00000292fee92160):  VMThread "VM Thread"          [id=2624, stack(0x000000f3fe100000,0x000000f3fe200000) (1024K)]

Stack: [0x000000f3fe100000,0x000000f3fe200000]
Native frames: (J=compiled Java code, j=interpreted, Vv=VM code, C=native code)
V  [jvm.dll+0x6cade9]
V  [jvm.dll+0x8569c1]
V  [jvm.dll+0x858d2e]
V  [jvm.dll+0x859413]
V  [jvm.dll+0x280e56]
V  [jvm.dll+0xbeb17]
V  [jvm.dll+0x34677e]
V  [jvm.dll+0x340fde]
V  [jvm.dll+0x3290a8]
V  [jvm.dll+0x36bec4]
V  [jvm.dll+0x85ef18]
V  [jvm.dll+0x860014]
V  [jvm.dll+0x860550]
V  [jvm.dll+0x8607f3]
V  [jvm.dll+0x7ff568]
V  [jvm.dll+0x6c953d]
C  [ucrtbase.dll+0x21bb2]
C  [KERNEL32.DLL+0x17374]
C  [ntdll.dll+0x4cc91]

VM_Operation (0x000000f3873faab0): G1CollectFull, mode: safepoint, requested by thread 0x000002929f69e950


---------------  P R O C E S S  ---------------

Threads class SMR info:
_java_thread_list=0x000002929bc5ff10, length=142, elements={
0x00000292e42a0810, 0x00000292feeb1d50, 0x00000292feeb2960, 0x00000292feeb4730,
0x00000292feeb5340, 0x00000292feeb6dd0, 0x00000292feeb6740, 0x00000292fef00090,
0x00000292feec1db0, 0x00000292feeb8180, 0x00000292feeb9bc0, 0x00000292feeb8ea0,
0x00000292feeb7460, 0x00000292feeb8810, 0x00000292ff076c70, 0x00000292ff07cee0,
0x00000292ff07c850, 0x00000292ff078020, 0x00000292ff07a0f0, 0x00000292ff07a780,
0x00000292ff07b4a0, 0x000002929af4dd40, 0x000002929af51850, 0x000002929af50b30,
0x000002929af4bc70, 0x000002929af4b5e0, 0x000002929af4c300, 0x000002929d0bf030,
0x000002929d0ba170, 0x00000292a0065230, 0x00000292a005fce0, 0x000002929d660910,
0x000002929c2f4130, 0x00000292a0063160, 0x00000292a0067990, 0x000002929dc2ed20,
0x000002929a1ecac0, 0x000002929c2f47c0, 0x000002929b7fcaa0, 0x000002929f06c0a0,
0x000002929ed27040, 0x000002929cdb57b0, 0x000002929cdb5e40, 0x000002929cdb64d0,
0x000002929dc2e690, 0x000002929dc2f3b0, 0x000002929dc31480, 0x000002929dc2fa40,
0x000002929dc2e000, 0x000002929f06ba10, 0x000002929f06d450, 0x000002929f06e170,
0x000002929f06c730, 0x000002929b7fd130, 0x000002929b7fe4e0, 0x000002929b7feb70,
0x000002929b7ff200, 0x000002929b7fde50, 0x000002929b7fd7c0, 0x000002929b7ff890,
0x000002929ee1e4b0, 0x000002929ee1ca70, 0x000002929ee1d790, 0x00000292a5675720,
0x00000292a5677160, 0x00000292a5676440, 0x00000292a56777f0, 0x000002929cdb36e0,
0x000002929dc300d0, 0x000002929f69e2c0, 0x000002929f69fd00, 0x00000292a03f3460,
0x00000292a03f4180, 0x00000292a03f1390, 0x00000292a03f1a20, 0x00000292a03f20b0,
0x00000292a03f3af0, 0x00000292a03f0d00, 0x00000292a03f2740, 0x000002929b7fff20,
0x000002929d624c70, 0x000002929d6273d0, 0x000002929d626d40, 0x000002929d627a60,
0x000002929d6245e0, 0x000002929f06e800, 0x000002929f06ee90, 0x000002929f06dae0,
0x000002929f06cdc0, 0x000002929c2f2060, 0x000002929c2f4e50, 0x000002929c2f26f0,
0x000002929c2f2d80, 0x000002929c2f3410, 0x0000029299fd3550, 0x0000029299fd0df0,
0x0000029299fd1480, 0x0000029299fd0760, 0x000002929c2f3aa0, 0x000002929b63d6f0,
0x000002929b63eaa0, 0x000002929b63dd80, 0x000002929b63f130, 0x000002929b63f7c0,
0x000002929b63fe50, 0x000002929b6404e0, 0x000002929b63d060, 0x000002929b63e410,
0x000002929b7dde50, 0x000002929b7dbd80, 0x000002929b7dd7c0, 0x000002929b7db6f0,
0x000002929b7db060, 0x000002929b7dc410, 0x0000029299fd2ec0, 0x0000029299fd2830,
0x0000029299fd00d0, 0x0000029299fd21a0, 0x00000292a5151ba0, 0x00000292a514f440,
0x00000292a514fad0, 0x00000292a5150160, 0x00000292a5152230, 0x00000292a5150e80,
0x00000292a5151510, 0x00000292a51528c0, 0x00000292a51507f0, 0x000002929cda4f20,
0x000002929cda6960, 0x000002929cda34e0, 0x000002929cda3b70, 0x000002929cda4200,
0x000002929cda55b0, 0x000002929f69e950, 0x000002929b7dcaa0, 0x000002929b7dd130,
0x000002929b7de4e0, 0x000002929fffc130, 0x000002929fffb410, 0x000002929fffad80,
0x000002929fffd4e0, 0x000002929fffa6f0
}

Java Threads: ( => current thread )
  0x00000292e42a0810 JavaThread "main"                              [_thread_blocked, id=33004, stack(0x000000f3fda00000,0x000000f3fdb00000) (1024K)]
  0x00000292feeb1d50 JavaThread "Reference Handler"          daemon [_thread_blocked, id=24208, stack(0x000000f3fe200000,0x000000f3fe300000) (1024K)]
  0x00000292feeb2960 JavaThread "Finalizer"                  daemon [_thread_blocked, id=2640, stack(0x000000f3fe300000,0x000000f3fe400000) (1024K)]
  0x00000292feeb4730 JavaThread "Signal Dispatcher"          daemon [_thread_blocked, id=13656, stack(0x000000f3fe400000,0x000000f3fe500000) (1024K)]
  0x00000292feeb5340 JavaThread "Attach Listener"            daemon [_thread_blocked, id=36512, stack(0x000000f3fe500000,0x000000f3fe600000) (1024K)]
  0x00000292feeb6dd0 JavaThread "Service Thread"             daemon [_thread_blocked, id=21920, stack(0x000000f3fe600000,0x000000f3fe700000) (1024K)]
  0x00000292feeb6740 JavaThread "Monitor Deflation Thread"   daemon [_thread_blocked, id=19232, stack(0x000000f3fe700000,0x000000f3fe800000) (1024K)]
  0x00000292fef00090 JavaThread "C2 CompilerThread0"         daemon [_thread_blocked, id=21896, stack(0x000000f3fe800000,0x000000f3fe900000) (1024K)]
  0x00000292feec1db0 JavaThread "C1 CompilerThread0"         daemon [_thread_blocked, id=21080, stack(0x000000f3fe900000,0x000000f3fea00000) (1024K)]
  0x00000292feeb8180 JavaThread "Common-Cleaner"             daemon [_thread_blocked, id=7164, stack(0x000000f3fea00000,0x000000f3feb00000) (1024K)]
  0x00000292feeb9bc0 JavaThread "Notification Thread"        daemon [_thread_blocked, id=4312, stack(0x000000f3feb00000,0x000000f3fec00000) (1024K)]
  0x00000292feeb8ea0 JavaThread "Daemon health stats"               [_thread_blocked, id=35524, stack(0x000000f3fed00000,0x000000f3fee00000) (1024K)]
  0x00000292feeb7460 JavaThread "Incoming local TCP Connector on port 14063"        [_thread_in_native, id=18364, stack(0x000000f3fec00000,0x000000f3fed00000) (1024K)]
  0x00000292feeb8810 JavaThread "Daemon periodic checks"            [_thread_blocked, id=17572, stack(0x000000f3ff500000,0x000000f3ff600000) (1024K)]
  0x00000292ff076c70 JavaThread "Cache worker for journal cache (C:\Users\DAMIN\.gradle\caches\journal-1)"        [_thread_blocked, id=26952, stack(0x000000f3ffe00000,0x000000f3fff00000) (1024K)]
  0x00000292ff07cee0 JavaThread "File lock request listener"        [_thread_in_native, id=30060, stack(0x000000f3ffd00000,0x000000f3ffe00000) (1024K)]
  0x00000292ff07c850 JavaThread "Cache worker for file hash cache (C:\Users\DAMIN\.gradle\caches\8.14.3\fileHashes)"        [_thread_blocked, id=34192, stack(0x000000f380000000,0x000000f380100000) (1024K)]
  0x00000292ff078020 JavaThread "File watcher server"        daemon [_thread_blocked, id=31784, stack(0x000000f380500000,0x000000f380600000) (1024K)]
  0x00000292ff07a0f0 JavaThread "File watcher consumer"      daemon [_thread_blocked, id=28408, stack(0x000000f380600000,0x000000f380700000) (1024K)]
  0x00000292ff07a780 JavaThread "jar transforms"                    [_thread_blocked, id=34484, stack(0x000000f380700000,0x000000f380800000) (1024K)]
  0x00000292ff07b4a0 JavaThread "jar transforms Thread 2"           [_thread_blocked, id=28192, stack(0x000000f380800000,0x000000f380900000) (1024K)]
  0x000002929af4dd40 JavaThread "Cache worker for file content cache (C:\Users\DAMIN\.gradle\caches\8.14.3\fileContent)"        [_thread_blocked, id=20320, stack(0x000000f380a00000,0x000000f380b00000) (1024K)]
  0x000002929af51850 JavaThread "jar transforms Thread 3"           [_thread_blocked, id=17112, stack(0x000000f380200000,0x000000f380300000) (1024K)]
  0x000002929af50b30 JavaThread "jar transforms Thread 4"           [_thread_blocked, id=29164, stack(0x000000f381000000,0x000000f381100000) (1024K)]
  0x000002929af4bc70 JavaThread "jar transforms Thread 5"           [_thread_blocked, id=34696, stack(0x000000f381100000,0x000000f381200000) (1024K)]
  0x000002929af4b5e0 JavaThread "jar transforms Thread 6"           [_thread_blocked, id=37932, stack(0x000000f381200000,0x000000f381300000) (1024K)]
  0x000002929af4c300 JavaThread "jar transforms Thread 7"           [_thread_blocked, id=35276, stack(0x000000f381300000,0x000000f381400000) (1024K)]
  0x000002929d0bf030 JavaThread "Memory manager"                    [_thread_blocked, id=35584, stack(0x000000f382900000,0x000000f382a00000) (1024K)]
  0x000002929d0ba170 JavaThread "jar transforms Thread 8"           [_thread_blocked, id=8668, stack(0x000000f382a00000,0x000000f382b00000) (1024K)]
  0x00000292a0065230 JavaThread "Cache worker for Java compile cache (C:\Users\DAMIN\.gradle\caches\8.14.3\javaCompile)"        [_thread_blocked, id=23440, stack(0x000000f388000000,0x000000f388100000) (1024K)]
  0x00000292a005fce0 JavaThread "Daemon Thread 24"                  [_thread_blocked, id=34724, stack(0x000000f380300000,0x000000f380400000) (1024K)]
  0x000002929d660910 JavaThread "Daemon worker Thread 20"           [_thread_blocked, id=15104, stack(0x000000f380b00000,0x000000f380c00000) (1024K)]
  0x000002929c2f4130 JavaThread "ForkJoinPool.commonPool-worker-56" daemon [_thread_blocked, id=26636, stack(0x000000f382700000,0x000000f382800000) (1024K)]
  0x00000292a0063160 JavaThread "ForkJoinPool.commonPool-worker-57" daemon [_thread_blocked, id=20380, stack(0x000000f382800000,0x000000f382900000) (1024K)]
  0x00000292a0067990 JavaThread "ForkJoinPool.commonPool-worker-58" daemon [_thread_blocked, id=27976, stack(0x000000f382b00000,0x000000f382c00000) (1024K)]
  0x000002929dc2ed20 JavaThread "ForkJoinPool.commonPool-worker-59" daemon [_thread_blocked, id=35696, stack(0x000000f382c00000,0x000000f382d00000) (1024K)]
  0x000002929a1ecac0 JavaThread "ForkJoinPool.commonPool-worker-60" daemon [_thread_blocked, id=15384, stack(0x000000f382d00000,0x000000f382e00000) (1024K)]
  0x000002929c2f47c0 JavaThread "ForkJoinPool.commonPool-worker-62" daemon [_thread_blocked, id=31724, stack(0x000000f382f00000,0x000000f383000000) (1024K)]
  0x000002929b7fcaa0 JavaThread "File lock release action executor Thread 2"        [_thread_blocked, id=33536, stack(0x000000f380400000,0x000000f380500000) (1024K)]
  0x000002929f06c0a0 JavaThread "included builds"                   [_thread_blocked, id=15416, stack(0x000000f387400000,0x000000f387500000) (1024K)]
  0x000002929ed27040 JavaThread "Daemon Thread 26"                  [_thread_blocked, id=26184, stack(0x000000f388500000,0x000000f388600000) (1024K)]
  0x000002929cdb57b0 JavaThread "VFS cleanup Thread 22"             [_thread_blocked, id=10760, stack(0x000000f380c00000,0x000000f380d00000) (1024K)]
  0x000002929cdb5e40 JavaThread "Handler for socket connection from /127.0.0.1:14063 to /127.0.0.1:3694"        [_thread_in_native, id=38516, stack(0x000000f380900000,0x000000f380a00000) (1024K)]
  0x000002929cdb64d0 JavaThread "Cancel handler"                    [_thread_blocked, id=11572, stack(0x000000f380d00000,0x000000f380e00000) (1024K)]
  0x000002929dc2e690 JavaThread "Asynchronous log dispatcher for DefaultDaemonConnection: socket connection from /127.0.0.1:14063 to /127.0.0.1:3694"        [_thread_blocked, id=33852, stack(0x000000f380e00000,0x000000f380f00000) (1024K)]
  0x000002929dc2f3b0 JavaThread "Stdin handler"                     [_thread_blocked, id=24168, stack(0x000000f380f00000,0x000000f381000000) (1024K)]
  0x000002929dc31480 JavaThread "Daemon client event forwarder"        [_thread_blocked, id=31380, stack(0x000000f381400000,0x000000f381500000) (1024K)]
  0x000002929dc2fa40 JavaThread "Cache worker for file hash cache (C:\dev\workspace\minifarm\.gradle\8.14.3\fileHashes)"        [_thread_blocked, id=16576, stack(0x000000f381500000,0x000000f381600000) (1024K)]
  0x000002929dc2e000 JavaThread "Cache worker for Build Output Cleanup Cache (C:\dev\workspace\minifarm\.gradle\buildOutputCleanup)"        [_thread_blocked, id=37284, stack(0x000000f381600000,0x000000f381700000) (1024K)]
  0x000002929f06ba10 JavaThread "Cache worker for checksums cache (C:\dev\workspace\minifarm\.gradle\8.14.3\checksums)"        [_thread_blocked, id=36980, stack(0x000000f381700000,0x000000f381800000) (1024K)]
  0x000002929f06d450 JavaThread "Cache worker for cache directory md-supplier (C:\Users\DAMIN\.gradle\caches\8.14.3\md-supplier)"        [_thread_blocked, id=37448, stack(0x000000f381800000,0x000000f381900000) (1024K)]
  0x000002929f06e170 JavaThread "Cache worker for cache directory md-rule (C:\Users\DAMIN\.gradle\caches\8.14.3\md-rule)"        [_thread_blocked, id=35860, stack(0x000000f381900000,0x000000f381a00000) (1024K)]
  0x000002929f06c730 JavaThread "Unconstrained build operations"        [_thread_blocked, id=29380, stack(0x000000f381a00000,0x000000f381b00000) (1024K)]
  0x000002929b7fd130 JavaThread "Unconstrained build operations Thread 2"        [_thread_blocked, id=32956, stack(0x000000f381b00000,0x000000f381c00000) (1024K)]
  0x000002929b7fe4e0 JavaThread "Unconstrained build operations Thread 3"        [_thread_blocked, id=22608, stack(0x000000f381c00000,0x000000f381d00000) (1024K)]
  0x000002929b7feb70 JavaThread "Unconstrained build operations Thread 4"        [_thread_blocked, id=32968, stack(0x000000f381d00000,0x000000f381e00000) (1024K)]
  0x000002929b7ff200 JavaThread "Unconstrained build operations Thread 5"        [_thread_blocked, id=28000, stack(0x000000f381e00000,0x000000f381f00000) (1024K)]
  0x000002929b7fde50 JavaThread "Unconstrained build operations Thread 6"        [_thread_blocked, id=14292, stack(0x000000f381f00000,0x000000f382000000) (1024K)]
  0x000002929b7fd7c0 JavaThread "Unconstrained build operations Thread 7"        [_thread_blocked, id=35932, stack(0x000000f382000000,0x000000f382100000) (1024K)]
  0x000002929b7ff890 JavaThread "Unconstrained build operations Thread 8"        [_thread_blocked, id=23204, stack(0x000000f382100000,0x000000f382200000) (1024K)]
  0x000002929ee1e4b0 JavaThread "Unconstrained build operations Thread 9"        [_thread_blocked, id=23068, stack(0x000000f382200000,0x000000f382300000) (1024K)]
  0x000002929ee1ca70 JavaThread "Unconstrained build operations Thread 10"        [_thread_blocked, id=20608, stack(0x000000f382300000,0x000000f382400000) (1024K)]
  0x000002929ee1d790 JavaThread "Unconstrained build operations Thread 11"        [_thread_blocked, id=27284, stack(0x000000f382400000,0x000000f382500000) (1024K)]
  0x00000292a5675720 JavaThread "Unconstrained build operations Thread 12"        [_thread_blocked, id=17976, stack(0x000000f382500000,0x000000f382600000) (1024K)]
  0x00000292a5677160 JavaThread "Unconstrained build operations Thread 13"        [_thread_blocked, id=30868, stack(0x000000f382600000,0x000000f382700000) (1024K)]
  0x00000292a5676440 JavaThread "Unconstrained build operations Thread 14"        [_thread_blocked, id=29088, stack(0x000000f382e00000,0x000000f382f00000) (1024K)]
  0x00000292a56777f0 JavaThread "Unconstrained build operations Thread 15"        [_thread_blocked, id=12040, stack(0x000000f383000000,0x000000f383100000) (1024K)]
  0x000002929cdb36e0 JavaThread "ForkJoinPool.commonPool-worker-64" daemon [_thread_blocked, id=36004, stack(0x000000f383100000,0x000000f383200000) (1024K)]
  0x000002929dc300d0 JavaThread "Unconstrained build operations Thread 16"        [_thread_blocked, id=34908, stack(0x000000f383200000,0x000000f383300000) (1024K)]
  0x000002929f69e2c0 JavaThread "Unconstrained build operations Thread 17"        [_thread_blocked, id=24432, stack(0x000000f383300000,0x000000f383400000) (1024K)]
  0x000002929f69fd00 JavaThread "Unconstrained build operations Thread 18"        [_thread_blocked, id=36600, stack(0x000000f383400000,0x000000f383500000) (1024K)]
  0x00000292a03f3460 JavaThread "Unconstrained build operations Thread 19"        [_thread_blocked, id=37764, stack(0x000000f383500000,0x000000f383600000) (1024K)]
  0x00000292a03f4180 JavaThread "Unconstrained build operations Thread 20"        [_thread_blocked, id=32800, stack(0x000000f383600000,0x000000f383700000) (1024K)]
  0x00000292a03f1390 JavaThread "Unconstrained build operations Thread 21"        [_thread_blocked, id=37708, stack(0x000000f383700000,0x000000f383800000) (1024K)]
  0x00000292a03f1a20 JavaThread "Unconstrained build operations Thread 22"        [_thread_blocked, id=28268, stack(0x000000f383800000,0x000000f383900000) (1024K)]
  0x00000292a03f20b0 JavaThread "Unconstrained build operations Thread 23"        [_thread_blocked, id=32584, stack(0x000000f383900000,0x000000f383a00000) (1024K)]
  0x00000292a03f3af0 JavaThread "Unconstrained build operations Thread 24"        [_thread_blocked, id=31852, stack(0x000000f383a00000,0x000000f383b00000) (1024K)]
  0x00000292a03f0d00 JavaThread "Unconstrained build operations Thread 25"        [_thread_blocked, id=27084, stack(0x000000f383b00000,0x000000f383c00000) (1024K)]
  0x00000292a03f2740 JavaThread "Unconstrained build operations Thread 26"        [_thread_blocked, id=35396, stack(0x000000f383c00000,0x000000f383d00000) (1024K)]
  0x000002929b7fff20 JavaThread "Unconstrained build operations Thread 27"        [_thread_blocked, id=13396, stack(0x000000f383d00000,0x000000f383e00000) (1024K)]
  0x000002929d624c70 JavaThread "Unconstrained build operations Thread 28"        [_thread_blocked, id=14448, stack(0x000000f383e00000,0x000000f383f00000) (1024K)]
  0x000002929d6273d0 JavaThread "Unconstrained build operations Thread 29"        [_thread_blocked, id=36708, stack(0x000000f383f00000,0x000000f384000000) (1024K)]
  0x000002929d626d40 JavaThread "Unconstrained build operations Thread 30"        [_thread_blocked, id=34104, stack(0x000000f384000000,0x000000f384100000) (1024K)]
  0x000002929d627a60 JavaThread "Unconstrained build operations Thread 31"        [_thread_blocked, id=26392, stack(0x000000f384100000,0x000000f384200000) (1024K)]
  0x000002929d6245e0 JavaThread "Unconstrained build operations Thread 32"        [_thread_blocked, id=34524, stack(0x000000f384200000,0x000000f384300000) (1024K)]
  0x000002929f06e800 JavaThread "Unconstrained build operations Thread 33"        [_thread_blocked, id=19508, stack(0x000000f384300000,0x000000f384400000) (1024K)]
  0x000002929f06ee90 JavaThread "Unconstrained build operations Thread 34"        [_thread_blocked, id=38424, stack(0x000000f384400000,0x000000f384500000) (1024K)]
  0x000002929f06dae0 JavaThread "Unconstrained build operations Thread 35"        [_thread_blocked, id=13636, stack(0x000000f384500000,0x000000f384600000) (1024K)]
  0x000002929f06cdc0 JavaThread "Unconstrained build operations Thread 36"        [_thread_blocked, id=33676, stack(0x000000f384600000,0x000000f384700000) (1024K)]
  0x000002929c2f2060 JavaThread "Unconstrained build operations Thread 37"        [_thread_blocked, id=27980, stack(0x000000f384700000,0x000000f384800000) (1024K)]
  0x000002929c2f4e50 JavaThread "Unconstrained build operations Thread 38"        [_thread_blocked, id=37436, stack(0x000000f384800000,0x000000f384900000) (1024K)]
  0x000002929c2f26f0 JavaThread "Unconstrained build operations Thread 39"        [_thread_blocked, id=21116, stack(0x000000f384900000,0x000000f384a00000) (1024K)]
  0x000002929c2f2d80 JavaThread "Unconstrained build operations Thread 40"        [_thread_blocked, id=28956, stack(0x000000f384a00000,0x000000f384b00000) (1024K)]
  0x000002929c2f3410 JavaThread "Unconstrained build operations Thread 41"        [_thread_blocked, id=24596, stack(0x000000f384b00000,0x000000f384c00000) (1024K)]
  0x0000029299fd3550 JavaThread "Unconstrained build operations Thread 42"        [_thread_blocked, id=36616, stack(0x000000f384c00000,0x000000f384d00000) (1024K)]
  0x0000029299fd0df0 JavaThread "Unconstrained build operations Thread 43"        [_thread_blocked, id=28436, stack(0x000000f384d00000,0x000000f384e00000) (1024K)]
  0x0000029299fd1480 JavaThread "Unconstrained build operations Thread 44"        [_thread_blocked, id=31464, stack(0x000000f384e00000,0x000000f384f00000) (1024K)]
  0x0000029299fd0760 JavaThread "Unconstrained build operations Thread 45"        [_thread_blocked, id=7988, stack(0x000000f384f00000,0x000000f385000000) (1024K)]
  0x000002929c2f3aa0 JavaThread "Unconstrained build operations Thread 46"        [_thread_blocked, id=29532, stack(0x000000f385000000,0x000000f385100000) (1024K)]
  0x000002929b63d6f0 JavaThread "Unconstrained build operations Thread 47"        [_thread_blocked, id=23296, stack(0x000000f385100000,0x000000f385200000) (1024K)]
  0x000002929b63eaa0 JavaThread "Unconstrained build operations Thread 48"        [_thread_blocked, id=31404, stack(0x000000f385200000,0x000000f385300000) (1024K)]
  0x000002929b63dd80 JavaThread "Unconstrained build operations Thread 49"        [_thread_blocked, id=26936, stack(0x000000f385300000,0x000000f385400000) (1024K)]
  0x000002929b63f130 JavaThread "Unconstrained build operations Thread 50"        [_thread_blocked, id=23192, stack(0x000000f385400000,0x000000f385500000) (1024K)]
  0x000002929b63f7c0 JavaThread "Unconstrained build operations Thread 51"        [_thread_blocked, id=26600, stack(0x000000f385500000,0x000000f385600000) (1024K)]
  0x000002929b63fe50 JavaThread "Unconstrained build operations Thread 52"        [_thread_blocked, id=12640, stack(0x000000f385600000,0x000000f385700000) (1024K)]
  0x000002929b6404e0 JavaThread "Unconstrained build operations Thread 53"        [_thread_blocked, id=27688, stack(0x000000f385700000,0x000000f385800000) (1024K)]
  0x000002929b63d060 JavaThread "Unconstrained build operations Thread 54"        [_thread_blocked, id=22352, stack(0x000000f385800000,0x000000f385900000) (1024K)]
  0x000002929b63e410 JavaThread "Unconstrained build operations Thread 55"        [_thread_blocked, id=26832, stack(0x000000f385900000,0x000000f385a00000) (1024K)]
  0x000002929b7dde50 JavaThread "Unconstrained build operations Thread 56"        [_thread_blocked, id=14300, stack(0x000000f385a00000,0x000000f385b00000) (1024K)]
  0x000002929b7dbd80 JavaThread "Unconstrained build operations Thread 57"        [_thread_blocked, id=26296, stack(0x000000f385b00000,0x000000f385c00000) (1024K)]
  0x000002929b7dd7c0 JavaThread "Unconstrained build operations Thread 58"        [_thread_blocked, id=25344, stack(0x000000f385c00000,0x000000f385d00000) (1024K)]
  0x000002929b7db6f0 JavaThread "Unconstrained build operations Thread 59"        [_thread_blocked, id=11688, stack(0x000000f385d00000,0x000000f385e00000) (1024K)]
  0x000002929b7db060 JavaThread "Unconstrained build operations Thread 60"        [_thread_blocked, id=22792, stack(0x000000f385e00000,0x000000f385f00000) (1024K)]
  0x000002929b7dc410 JavaThread "Unconstrained build operations Thread 61"        [_thread_blocked, id=31872, stack(0x000000f385f00000,0x000000f386000000) (1024K)]
  0x0000029299fd2ec0 JavaThread "Unconstrained build operations Thread 62"        [_thread_blocked, id=33176, stack(0x000000f386000000,0x000000f386100000) (1024K)]
  0x0000029299fd2830 JavaThread "Unconstrained build operations Thread 63"        [_thread_blocked, id=2660, stack(0x000000f386100000,0x000000f386200000) (1024K)]
  0x0000029299fd00d0 JavaThread "Unconstrained build operations Thread 64"        [_thread_blocked, id=34260, stack(0x000000f386200000,0x000000f386300000) (1024K)]
  0x0000029299fd21a0 JavaThread "Unconstrained build operations Thread 65"        [_thread_blocked, id=26348, stack(0x000000f386300000,0x000000f386400000) (1024K)]
  0x00000292a5151ba0 JavaThread "Unconstrained build operations Thread 66"        [_thread_blocked, id=32180, stack(0x000000f386400000,0x000000f386500000) (1024K)]
  0x00000292a514f440 JavaThread "Unconstrained build operations Thread 67"        [_thread_blocked, id=9628, stack(0x000000f386500000,0x000000f386600000) (1024K)]
  0x00000292a514fad0 JavaThread "Unconstrained build operations Thread 68"        [_thread_blocked, id=36156, stack(0x000000f386600000,0x000000f386700000) (1024K)]
  0x00000292a5150160 JavaThread "Unconstrained build operations Thread 69"        [_thread_blocked, id=27612, stack(0x000000f386700000,0x000000f386800000) (1024K)]
  0x00000292a5152230 JavaThread "Unconstrained build operations Thread 70"        [_thread_blocked, id=16152, stack(0x000000f386800000,0x000000f386900000) (1024K)]
  0x00000292a5150e80 JavaThread "Unconstrained build operations Thread 71"        [_thread_blocked, id=24288, stack(0x000000f386900000,0x000000f386a00000) (1024K)]
  0x00000292a5151510 JavaThread "Unconstrained build operations Thread 72"        [_thread_blocked, id=36580, stack(0x000000f386a00000,0x000000f386b00000) (1024K)]
  0x00000292a51528c0 JavaThread "Unconstrained build operations Thread 73"        [_thread_blocked, id=29644, stack(0x000000f386b00000,0x000000f386c00000) (1024K)]
  0x00000292a51507f0 JavaThread "Unconstrained build operations Thread 74"        [_thread_blocked, id=38372, stack(0x000000f386c00000,0x000000f386d00000) (1024K)]
  0x000002929cda4f20 JavaThread "Unconstrained build operations Thread 75"        [_thread_blocked, id=36420, stack(0x000000f386d00000,0x000000f386e00000) (1024K)]
  0x000002929cda6960 JavaThread "Unconstrained build operations Thread 76"        [_thread_blocked, id=24152, stack(0x000000f386e00000,0x000000f386f00000) (1024K)]
  0x000002929cda34e0 JavaThread "Unconstrained build operations Thread 77"        [_thread_blocked, id=31680, stack(0x000000f386f00000,0x000000f387000000) (1024K)]
  0x000002929cda3b70 JavaThread "Unconstrained build operations Thread 78"        [_thread_blocked, id=37584, stack(0x000000f387000000,0x000000f387100000) (1024K)]
  0x000002929cda4200 JavaThread "Unconstrained build operations Thread 79"        [_thread_blocked, id=37044, stack(0x000000f387100000,0x000000f387200000) (1024K)]
  0x000002929cda55b0 JavaThread "Unconstrained build operations Thread 80"        [_thread_blocked, id=31944, stack(0x000000f387200000,0x000000f387300000) (1024K)]
  0x000002929f69e950 JavaThread "included builds"                   [_thread_blocked, id=36780, stack(0x000000f387300000,0x000000f387400000) (1024K)]
  0x000002929b7dcaa0 JavaThread "Execution worker"                  [_thread_blocked, id=34344, stack(0x000000f387500000,0x000000f387600000) (1024K)]
  0x000002929b7dd130 JavaThread "Execution worker Thread 2"         [_thread_blocked, id=15232, stack(0x000000f387600000,0x000000f387700000) (1024K)]
  0x000002929b7de4e0 JavaThread "Execution worker Thread 3"         [_thread_blocked, id=27308, stack(0x000000f387700000,0x000000f387800000) (1024K)]
  0x000002929fffc130 JavaThread "Execution worker Thread 4"         [_thread_blocked, id=32648, stack(0x000000f387800000,0x000000f387900000) (1024K)]
  0x000002929fffb410 JavaThread "Execution worker Thread 5"         [_thread_blocked, id=23876, stack(0x000000f387900000,0x000000f387a00000) (1024K)]
  0x000002929fffad80 JavaThread "Execution worker Thread 6"         [_thread_blocked, id=38452, stack(0x000000f387a00000,0x000000f387b00000) (1024K)]
  0x000002929fffd4e0 JavaThread "Execution worker Thread 7"         [_thread_blocked, id=29804, stack(0x000000f387b00000,0x000000f387c00000) (1024K)]
  0x000002929fffa6f0 JavaThread "Cache worker for execution history cache (C:\dev\workspace\minifarm\.gradle\8.14.3\executionHistory)"        [_thread_blocked, id=9608, stack(0x000000f387c00000,0x000000f387d00000) (1024K)]
Total: 142

Other Threads:
=>0x00000292fee92160 VMThread "VM Thread"                           [id=2624, stack(0x000000f3fe100000,0x000000f3fe200000) (1024K)]
  0x00000292fee79690 WatcherThread "VM Periodic Task Thread"        [id=5784, stack(0x000000f3fe000000,0x000000f3fe100000) (1024K)]
  0x00000292e42cb9a0 WorkerThread "GC Thread#0"                     [id=21932, stack(0x000000f3fdb00000,0x000000f3fdc00000) (1024K)]
  0x00000292ff349410 WorkerThread "GC Thread#1"                     [id=3620, stack(0x000000f3fee00000,0x000000f3fef00000) (1024K)]
  0x00000292ff3497b0 WorkerThread "GC Thread#2"                     [id=17152, stack(0x000000f3fef00000,0x000000f3ff000000) (1024K)]
  0x00000292ff34a360 WorkerThread "GC Thread#3"                     [id=26732, stack(0x000000f3ff000000,0x000000f3ff100000) (1024K)]
  0x00000292ff34ab00 WorkerThread "GC Thread#4"                     [id=9580, stack(0x000000f3ff100000,0x000000f3ff200000) (1024K)]
  0x00000292ff36f070 WorkerThread "GC Thread#5"                     [id=15168, stack(0x000000f3ff200000,0x000000f3ff300000) (1024K)]
  0x00000292ff39a7d0 WorkerThread "GC Thread#6"                     [id=31288, stack(0x000000f3ff300000,0x000000f3ff400000) (1024K)]
  0x00000292ff606cb0 WorkerThread "GC Thread#7"                     [id=14232, stack(0x000000f3ff400000,0x000000f3ff500000) (1024K)]
  0x00000292e42d07e0 ConcurrentGCThread "G1 Main Marker"            [id=22016, stack(0x000000f3fdc00000,0x000000f3fdd00000) (1024K)]
  0x00000292e42d2740 WorkerThread "G1 Conc#0"                       [id=25908, stack(0x000000f3fdd00000,0x000000f3fde00000) (1024K)]
  0x000002929a47e5a0 WorkerThread "G1 Conc#1"                       [id=19252, stack(0x000000f380100000,0x000000f380200000) (1024K)]
  0x00000292fed4f540 ConcurrentGCThread "G1 Refine#0"               [id=12656, stack(0x000000f3fde00000,0x000000f3fdf00000) (1024K)]
  0x00000292fed4fd60 ConcurrentGCThread "G1 Service"                [id=35248, stack(0x000000f3fdf00000,0x000000f3fe000000) (1024K)]
Total: 15

Threads with active compile tasks:
Total: 0

VM state: at safepoint (normal execution)

VM Mutex/Monitor currently owned by a thread:  ([mutex/lock_event])
[0x00007ff97e64cd68] Threads_lock - owner thread: 0x00000292fee92160
[0x00007ff97e64ce68] Heap_lock - owner thread: 0x000002929f69e950

Heap address: 0x00000000e0000000, size: 512 MB, Compressed Oops mode: 32-bit

CDS archive(s) mapped at: [0x0000029280000000-0x0000029280c90000-0x0000029280c90000), size 13172736, SharedBaseAddress: 0x0000029280000000, ArchiveRelocationMode: 1.
Compressed class space mapped at: 0x0000029281000000-0x0000029295000000, reserved size: 335544320
Narrow klass base: 0x0000029280000000, Narrow klass shift: 0, Narrow klass range: 0x100000000

GC Precious Log:
 CardTable entry size: 512
 Card Set container configuration: InlinePtr #cards 5 size 8 Array Of Cards #cards 12 size 40 Howl #buckets 4 coarsen threshold 1843 Howl Bitmap #cards 512 size 80 coarsen threshold 460 Card regions per heap region 1 cards per card region 2048
 CPUs: 8 total, 8 available
 Memory: 16163M
 Large Page Support: Disabled
 NUMA Support: Disabled
 Compressed Oops: Enabled (32-bit)
 Heap Region Size: 1M
 Heap Min Capacity: 256M
 Heap Initial Capacity: 256M
 Heap Max Capacity: 512M
 Pre-touch: Disabled
 Parallel Workers: 8
 Concurrent Workers: 2
 Concurrent Refinement Workers: 8
 Periodic GC: Disabled

Heap:
 garbage-first heap   total 376832K, used 124059K [0x00000000e0000000, 0x0000000100000000)
  region size 1024K, 1 young (1024K), 0 survivors (0K)
 Metaspace       used 107395K, committed 112640K, reserved 458752K
  class space    used 13720K, committed 15168K, reserved 327680K

Heap Regions: E=young(eden), S=young(survivor), O=old, HS=humongous(starts), HC=humongous(continues), CS=collection set, F=free, TAMS=top-at-mark-start, PB=parsable bottom
|   0|0x00000000e0000000, 0x00000000e0100000, 0x00000000e0100000|100%|HS|  |TAMS 0x00000000e0000000| PB 0x00000000e0000000| Untracked 
|   1|0x00000000e0100000, 0x00000000e0200000, 0x00000000e0200000|100%|HC|  |TAMS 0x00000000e0100000| PB 0x00000000e0100000| Untracked 
|   2|0x00000000e0200000, 0x00000000e0300000, 0x00000000e0300000|100%|HC|  |TAMS 0x00000000e0200000| PB 0x00000000e0200000| Untracked 
|   3|0x00000000e0300000, 0x00000000e03ffff8, 0x00000000e0400000| 99%| O|  |TAMS 0x00000000e0300000| PB 0x00000000e0300000| Untracked 
|   4|0x00000000e0400000, 0x00000000e04ffff0, 0x00000000e0500000| 99%| O|  |TAMS 0x00000000e0400000| PB 0x00000000e0400000| Untracked 
|   5|0x00000000e0500000, 0x00000000e05ffff0, 0x00000000e0600000| 99%| O|  |TAMS 0x00000000e0500000| PB 0x00000000e0500000| Untracked 
|   6|0x00000000e0600000, 0x00000000e0700000, 0x00000000e0700000|100%|HS|  |TAMS 0x00000000e0600000| PB 0x00000000e0600000| Untracked 
|   7|0x00000000e0700000, 0x00000000e07ffff8, 0x00000000e0800000| 99%| O|  |TAMS 0x00000000e0700000| PB 0x00000000e0700000| Untracked 
|   8|0x00000000e0800000, 0x00000000e08ffff0, 0x00000000e0900000| 99%| O|  |TAMS 0x00000000e0800000| PB 0x00000000e0800000| Untracked 
|   9|0x00000000e0900000, 0x00000000e09fff58, 0x00000000e0a00000| 99%| O|  |TAMS 0x00000000e0900000| PB 0x00000000e0900000| Untracked 
|  10|0x00000000e0a00000, 0x00000000e0affff0, 0x00000000e0b00000| 99%| O|  |TAMS 0x00000000e0a00000| PB 0x00000000e0a00000| Untracked 
|  11|0x00000000e0b00000, 0x00000000e0bffff0, 0x00000000e0c00000| 99%| O|  |TAMS 0x00000000e0b00000| PB 0x00000000e0b00000| Untracked 
|  12|0x00000000e0c00000, 0x00000000e0cffff8, 0x00000000e0d00000| 99%| O|  |TAMS 0x00000000e0c00000| PB 0x00000000e0c00000| Untracked 
|  13|0x00000000e0d00000, 0x00000000e0dfffd8, 0x00000000e0e00000| 99%| O|  |TAMS 0x00000000e0d00000| PB 0x00000000e0d00000| Untracked 
|  14|0x00000000e0e00000, 0x00000000e0efffe0, 0x00000000e0f00000| 99%| O|  |TAMS 0x00000000e0e00000| PB 0x00000000e0e00000| Untracked 
|  15|0x00000000e0f00000, 0x00000000e1000000, 0x00000000e1000000|100%| O|  |TAMS 0x00000000e0f00000| PB 0x00000000e0f00000| Untracked 
|  16|0x00000000e1000000, 0x00000000e1100000, 0x00000000e1100000|100%| O|  |TAMS 0x00000000e1000000| PB 0x00000000e1000000| Untracked 
|  17|0x00000000e1100000, 0x00000000e1200000, 0x00000000e1200000|100%| O|  |TAMS 0x00000000e1100000| PB 0x00000000e1100000| Untracked 
|  18|0x00000000e1200000, 0x00000000e1300000, 0x00000000e1300000|100%| O|  |TAMS 0x00000000e1200000| PB 0x00000000e1200000| Untracked 
|  19|0x00000000e1300000, 0x00000000e1400000, 0x00000000e1400000|100%| O|  |TAMS 0x00000000e1300000| PB 0x00000000e1300000| Untracked 
|  20|0x00000000e1400000, 0x00000000e1500000, 0x00000000e1500000|100%| O|  |TAMS 0x00000000e1400000| PB 0x00000000e1400000| Untracked 
|  21|0x00000000e1500000, 0x00000000e1600000, 0x00000000e1600000|100%| O|  |TAMS 0x00000000e1500000| PB 0x00000000e1500000| Untracked 
|  22|0x00000000e1600000, 0x00000000e1700000, 0x00000000e1700000|100%| O|  |TAMS 0x00000000e1600000| PB 0x00000000e1600000| Untracked 
|  23|0x00000000e1700000, 0x00000000e1800000, 0x00000000e1800000|100%| O|  |TAMS 0x00000000e1700000| PB 0x00000000e1700000| Untracked 
|  24|0x00000000e1800000, 0x00000000e18ff9e0, 0x00000000e1900000| 99%| O|  |TAMS 0x00000000e1800000| PB 0x00000000e1800000| Untracked 
|  25|0x00000000e1900000, 0x00000000e1a00000, 0x00000000e1a00000|100%| O|  |TAMS 0x00000000e1900000| PB 0x00000000e1900000| Untracked 
|  26|0x00000000e1a00000, 0x00000000e1affff0, 0x00000000e1b00000| 99%| O|  |TAMS 0x00000000e1a00000| PB 0x00000000e1a00000| Untracked 
|  27|0x00000000e1b00000, 0x00000000e1bfd5e8, 0x00000000e1c00000| 98%| O|  |TAMS 0x00000000e1b00000| PB 0x00000000e1b00000| Untracked 
|  28|0x00000000e1c00000, 0x00000000e1d00000, 0x00000000e1d00000|100%| O|  |TAMS 0x00000000e1c00000| PB 0x00000000e1c00000| Untracked 
|  29|0x00000000e1d00000, 0x00000000e1dfffd8, 0x00000000e1e00000| 99%| O|  |TAMS 0x00000000e1d00000| PB 0x00000000e1d00000| Untracked 
|  30|0x00000000e1e00000, 0x00000000e1f00000, 0x00000000e1f00000|100%| O|  |TAMS 0x00000000e1e00000| PB 0x00000000e1e00000| Untracked 
|  31|0x00000000e1f00000, 0x00000000e1fffff8, 0x00000000e2000000| 99%| O|  |TAMS 0x00000000e1f00000| PB 0x00000000e1f00000| Untracked 
|  32|0x00000000e2000000, 0x00000000e20ffff8, 0x00000000e2100000| 99%| O|  |TAMS 0x00000000e2000000| PB 0x00000000e2000000| Untracked 
|  33|0x00000000e2100000, 0x00000000e21ffff0, 0x00000000e2200000| 99%| O|  |TAMS 0x00000000e2100000| PB 0x00000000e2100000| Untracked 
|  34|0x00000000e2200000, 0x00000000e2300000, 0x00000000e2300000|100%| O|  |TAMS 0x00000000e2200000| PB 0x00000000e2200000| Untracked 
|  35|0x00000000e2300000, 0x00000000e23ffff0, 0x00000000e2400000| 99%| O|  |TAMS 0x00000000e2300000| PB 0x00000000e2300000| Untracked 
|  36|0x00000000e2400000, 0x00000000e2500000, 0x00000000e2500000|100%| O|  |TAMS 0x00000000e2400000| PB 0x00000000e2400000| Untracked 
|  37|0x00000000e2500000, 0x00000000e2600000, 0x00000000e2600000|100%| O|  |TAMS 0x00000000e2500000| PB 0x00000000e2500000| Untracked 
|  38|0x00000000e2600000, 0x00000000e26fff80, 0x00000000e2700000| 99%| O|  |TAMS 0x00000000e2600000| PB 0x00000000e2600000| Untracked 
|  39|0x00000000e2700000, 0x00000000e2800000, 0x00000000e2800000|100%|HS|  |TAMS 0x00000000e2700000| PB 0x00000000e2700000| Untracked 
|  40|0x00000000e2800000, 0x00000000e28dd128, 0x00000000e2900000| 86%| O|  |TAMS 0x00000000e2800000| PB 0x00000000e2800000| Untracked 
|  41|0x00000000e2900000, 0x00000000e29ffff8, 0x00000000e2a00000| 99%| O|  |TAMS 0x00000000e2900000| PB 0x00000000e2900000| Untracked 
|  42|0x00000000e2a00000, 0x00000000e2b00000, 0x00000000e2b00000|100%| O|  |TAMS 0x00000000e2a00000| PB 0x00000000e2a00000| Untracked 
|  43|0x00000000e2b00000, 0x00000000e2bdc8d8, 0x00000000e2c00000| 86%| O|  |TAMS 0x00000000e2b00000| PB 0x00000000e2b00000| Untracked 
|  44|0x00000000e2c00000, 0x00000000e2cdf110, 0x00000000e2d00000| 87%| O|  |TAMS 0x00000000e2c00000| PB 0x00000000e2c00000| Untracked 
|  45|0x00000000e2d00000, 0x00000000e2e00000, 0x00000000e2e00000|100%| O|  |TAMS 0x00000000e2d00000| PB 0x00000000e2d00000| Untracked 
|  46|0x00000000e2e00000, 0x00000000e2efffd8, 0x00000000e2f00000| 99%| O|  |TAMS 0x00000000e2e00000| PB 0x00000000e2e00000| Untracked 
|  47|0x00000000e2f00000, 0x00000000e2fffff0, 0x00000000e3000000| 99%| O|  |TAMS 0x00000000e2f00000| PB 0x00000000e2f00000| Untracked 
|  48|0x00000000e3000000, 0x00000000e30fffe0, 0x00000000e3100000| 99%| O|  |TAMS 0x00000000e3000000| PB 0x00000000e3000000| Untracked 
|  49|0x00000000e3100000, 0x00000000e31fff70, 0x00000000e3200000| 99%| O|  |TAMS 0x00000000e3100000| PB 0x00000000e3100000| Untracked 
|  50|0x00000000e3200000, 0x00000000e3300000, 0x00000000e3300000|100%| O|  |TAMS 0x00000000e3200000| PB 0x00000000e3200000| Untracked 
|  51|0x00000000e3300000, 0x00000000e3400000, 0x00000000e3400000|100%| O|  |TAMS 0x00000000e3300000| PB 0x00000000e3300000| Untracked 
|  52|0x00000000e3400000, 0x00000000e34ffff0, 0x00000000e3500000| 99%| O|  |TAMS 0x00000000e3400000| PB 0x00000000e3400000| Untracked 
|  53|0x00000000e3500000, 0x00000000e35fff40, 0x00000000e3600000| 99%| O|  |TAMS 0x00000000e3500000| PB 0x00000000e3500000| Untracked 
|  54|0x00000000e3600000, 0x00000000e3700000, 0x00000000e3700000|100%|HS|  |TAMS 0x00000000e3600000| PB 0x00000000e3600000| Untracked 
|  55|0x00000000e3700000, 0x00000000e37fffb0, 0x00000000e3800000| 99%| O|  |TAMS 0x00000000e3700000| PB 0x00000000e3700000| Untracked 
|  56|0x00000000e3800000, 0x00000000e38fffd0, 0x00000000e3900000| 99%| O|  |TAMS 0x00000000e3800000| PB 0x00000000e3800000| Untracked 
|  57|0x00000000e3900000, 0x00000000e39ffff0, 0x00000000e3a00000| 99%| O|  |TAMS 0x00000000e3900000| PB 0x00000000e3900000| Untracked 
|  58|0x00000000e3a00000, 0x00000000e3afffe8, 0x00000000e3b00000| 99%| O|  |TAMS 0x00000000e3a00000| PB 0x00000000e3a00000| Untracked 
|  59|0x00000000e3b00000, 0x00000000e3bffff0, 0x00000000e3c00000| 99%| O|  |TAMS 0x00000000e3b00000| PB 0x00000000e3b00000| Untracked 
|  60|0x00000000e3c00000, 0x00000000e3d00000, 0x00000000e3d00000|100%|HS|  |TAMS 0x00000000e3c00000| PB 0x00000000e3c00000| Untracked 
|  61|0x00000000e3d00000, 0x00000000e3e00000, 0x00000000e3e00000|100%|HC|  |TAMS 0x00000000e3d00000| PB 0x00000000e3d00000| Untracked 
|  62|0x00000000e3e00000, 0x00000000e3ee3f30, 0x00000000e3f00000| 89%| O|  |TAMS 0x00000000e3e00000| PB 0x00000000e3e00000| Untracked 
|  63|0x00000000e3f00000, 0x00000000e3fffff0, 0x00000000e4000000| 99%| O|  |TAMS 0x00000000e3f00000| PB 0x00000000e3f00000| Untracked 
|  64|0x00000000e4000000, 0x00000000e4100000, 0x00000000e4100000|100%|HS|  |TAMS 0x00000000e4000000| PB 0x00000000e4000000| Untracked 
|  65|0x00000000e4100000, 0x00000000e4200000, 0x00000000e4200000|100%|HC|  |TAMS 0x00000000e4100000| PB 0x00000000e4100000| Untracked 
|  66|0x00000000e4200000, 0x00000000e4300000, 0x00000000e4300000|100%|HC|  |TAMS 0x00000000e4200000| PB 0x00000000e4200000| Untracked 
|  67|0x00000000e4300000, 0x00000000e4400000, 0x00000000e4400000|100%|HC|  |TAMS 0x00000000e4300000| PB 0x00000000e4300000| Untracked 
|  68|0x00000000e4400000, 0x00000000e4500000, 0x00000000e4500000|100%|HC|  |TAMS 0x00000000e4400000| PB 0x00000000e4400000| Untracked 
|  69|0x00000000e4500000, 0x00000000e4600000, 0x00000000e4600000|100%|HC|  |TAMS 0x00000000e4500000| PB 0x00000000e4500000| Untracked 
|  70|0x00000000e4600000, 0x00000000e4700000, 0x00000000e4700000|100%|HS|  |TAMS 0x00000000e4600000| PB 0x00000000e4600000| Untracked 
|  71|0x00000000e4700000, 0x00000000e4800000, 0x00000000e4800000|100%|HC|  |TAMS 0x00000000e4700000| PB 0x00000000e4700000| Untracked 
|  72|0x00000000e4800000, 0x00000000e4900000, 0x00000000e4900000|100%|HC|  |TAMS 0x00000000e4800000| PB 0x00000000e4800000| Untracked 
|  73|0x00000000e4900000, 0x00000000e4a00000, 0x00000000e4a00000|100%|HS|  |TAMS 0x00000000e4900000| PB 0x00000000e4900000| Untracked 
|  74|0x00000000e4a00000, 0x00000000e4b00000, 0x00000000e4b00000|100%|HC|  |TAMS 0x00000000e4a00000| PB 0x00000000e4a00000| Untracked 
|  75|0x00000000e4b00000, 0x00000000e4c00000, 0x00000000e4c00000|100%|HC|  |TAMS 0x00000000e4b00000| PB 0x00000000e4b00000| Untracked 
|  76|0x00000000e4c00000, 0x00000000e4d00000, 0x00000000e4d00000|100%|HC|  |TAMS 0x00000000e4c00000| PB 0x00000000e4c00000| Untracked 
|  77|0x00000000e4d00000, 0x00000000e4e00000, 0x00000000e4e00000|100%|HC|  |TAMS 0x00000000e4d00000| PB 0x00000000e4d00000| Untracked 
|  78|0x00000000e4e00000, 0x00000000e4f00000, 0x00000000e4f00000|100%|HC|  |TAMS 0x00000000e4e00000| PB 0x00000000e4e00000| Untracked 
|  79|0x00000000e4f00000, 0x00000000e5000000, 0x00000000e5000000|100%|HS|  |TAMS 0x00000000e4f00000| PB 0x00000000e4f00000| Untracked 
|  80|0x00000000e5000000, 0x00000000e5100000, 0x00000000e5100000|100%|HC|  |TAMS 0x00000000e5000000| PB 0x00000000e5000000| Untracked 
|  81|0x00000000e5100000, 0x00000000e51fffc8, 0x00000000e5200000| 99%| O|  |TAMS 0x00000000e5100000| PB 0x00000000e5100000| Untracked 
|  82|0x00000000e5200000, 0x00000000e52ffff0, 0x00000000e5300000| 99%| O|  |TAMS 0x00000000e5200000| PB 0x00000000e5200000| Untracked 
|  83|0x00000000e5300000, 0x00000000e53fffe8, 0x00000000e5400000| 99%| O|  |TAMS 0x00000000e5300000| PB 0x00000000e5300000| Untracked 
|  84|0x00000000e5400000, 0x00000000e54ffff8, 0x00000000e5500000| 99%| O|  |TAMS 0x00000000e5400000| PB 0x00000000e5400000| Untracked 
|  85|0x00000000e5500000, 0x00000000e5600000, 0x00000000e5600000|100%| O|  |TAMS 0x00000000e5500000| PB 0x00000000e5500000| Untracked 
|  86|0x00000000e5600000, 0x00000000e56fffa8, 0x00000000e5700000| 99%| O|  |TAMS 0x00000000e5600000| PB 0x00000000e5600000| Untracked 
|  87|0x00000000e5700000, 0x00000000e57fa118, 0x00000000e5800000| 97%| O|  |TAMS 0x00000000e5700000| PB 0x00000000e5700000| Untracked 
|  88|0x00000000e5800000, 0x00000000e58fffe0, 0x00000000e5900000| 99%| O|  |TAMS 0x00000000e5800000| PB 0x00000000e5800000| Untracked 
|  89|0x00000000e5900000, 0x00000000e5a00000, 0x00000000e5a00000|100%|HS|  |TAMS 0x00000000e5900000| PB 0x00000000e5900000| Untracked 
|  90|0x00000000e5a00000, 0x00000000e5b00000, 0x00000000e5b00000|100%|HC|  |TAMS 0x00000000e5a00000| PB 0x00000000e5a00000| Untracked 
|  91|0x00000000e5b00000, 0x00000000e5c00000, 0x00000000e5c00000|100%|HC|  |TAMS 0x00000000e5b00000| PB 0x00000000e5b00000| Untracked 
|  92|0x00000000e5c00000, 0x00000000e5c62160, 0x00000000e5d00000| 38%| O|  |TAMS 0x00000000e5c00000| PB 0x00000000e5c00000| Untracked 
|  93|0x00000000e5d00000, 0x00000000e5dfeea0, 0x00000000e5e00000| 99%| O|  |TAMS 0x00000000e5d00000| PB 0x00000000e5d00000| Untracked 
|  94|0x00000000e5e00000, 0x00000000e5efffd0, 0x00000000e5f00000| 99%| O|  |TAMS 0x00000000e5e00000| PB 0x00000000e5e00000| Untracked 
|  95|0x00000000e5f00000, 0x00000000e5ff19b8, 0x00000000e6000000| 94%| O|  |TAMS 0x00000000e5f00000| PB 0x00000000e5f00000| Untracked 
|  96|0x00000000e6000000, 0x00000000e6100000, 0x00000000e6100000|100%|HS|  |TAMS 0x00000000e6000000| PB 0x00000000e6000000| Untracked 
|  97|0x00000000e6100000, 0x00000000e6200000, 0x00000000e6200000|100%|HC|  |TAMS 0x00000000e6100000| PB 0x00000000e6100000| Untracked 
|  98|0x00000000e6200000, 0x00000000e629fd80, 0x00000000e6300000| 62%| O|  |TAMS 0x00000000e6200000| PB 0x00000000e6200000| Untracked 
|  99|0x00000000e6300000, 0x00000000e63fffa0, 0x00000000e6400000| 99%| O|  |TAMS 0x00000000e6300000| PB 0x00000000e6300000| Untracked 
| 100|0x00000000e6400000, 0x00000000e64ff438, 0x00000000e6500000| 99%| O|  |TAMS 0x00000000e6400000| PB 0x00000000e6400000| Untracked 
| 101|0x00000000e6500000, 0x00000000e65ffff0, 0x00000000e6600000| 99%| O|  |TAMS 0x00000000e6500000| PB 0x00000000e6500000| Untracked 
| 102|0x00000000e6600000, 0x00000000e6600000, 0x00000000e6700000|  0%| F|  |TAMS 0x00000000e6600000| PB 0x00000000e6600000| Untracked 
| 103|0x00000000e6700000, 0x00000000e67ffff8, 0x00000000e6800000| 99%| O|  |TAMS 0x00000000e6700000| PB 0x00000000e6700000| Untracked 
| 104|0x00000000e6800000, 0x00000000e6900000, 0x00000000e6900000|100%| O|  |TAMS 0x00000000e6800000| PB 0x00000000e6800000| Untracked 
| 105|0x00000000e6900000, 0x00000000e6a00000, 0x00000000e6a00000|100%| O|  |TAMS 0x00000000e6900000| PB 0x00000000e6900000| Untracked 
| 106|0x00000000e6a00000, 0x00000000e6a00000, 0x00000000e6b00000|  0%| F|  |TAMS 0x00000000e6a00000| PB 0x00000000e6a00000| Untracked 
| 107|0x00000000e6b00000, 0x00000000e6b60d68, 0x00000000e6c00000| 37%| O|  |TAMS 0x00000000e6b00000| PB 0x00000000e6b00000| Untracked 
| 108|0x00000000e6c00000, 0x00000000e6ca8c80, 0x00000000e6d00000| 65%| O|  |TAMS 0x00000000e6c00000| PB 0x00000000e6c00000| Untracked 
| 109|0x00000000e6d00000, 0x00000000e6dfffc8, 0x00000000e6e00000| 99%| O|  |TAMS 0x00000000e6d00000| PB 0x00000000e6d00000| Untracked 
| 110|0x00000000e6e00000, 0x00000000e6f00000, 0x00000000e6f00000|100%|HS|  |TAMS 0x00000000e6e00000| PB 0x00000000e6e00000| Untracked 
| 111|0x00000000e6f00000, 0x00000000e7000000, 0x00000000e7000000|100%|HC|  |TAMS 0x00000000e6f00000| PB 0x00000000e6f00000| Untracked 
| 112|0x00000000e7000000, 0x00000000e7100000, 0x00000000e7100000|100%|HC|  |TAMS 0x00000000e7000000| PB 0x00000000e7000000| Untracked 
| 113|0x00000000e7100000, 0x00000000e7200000, 0x00000000e7200000|100%|HC|  |TAMS 0x00000000e7100000| PB 0x00000000e7100000| Untracked 
| 114|0x00000000e7200000, 0x00000000e7300000, 0x00000000e7300000|100%|HC|  |TAMS 0x00000000e7200000| PB 0x00000000e7200000| Untracked 
| 115|0x00000000e7300000, 0x00000000e7400000, 0x00000000e7400000|100%|HC|  |TAMS 0x00000000e7300000| PB 0x00000000e7300000| Untracked 
| 116|0x00000000e7400000, 0x00000000e7400000, 0x00000000e7500000|  0%| F|  |TAMS 0x00000000e7400000| PB 0x00000000e7400000| Untracked 
| 117|0x00000000e7500000, 0x00000000e7570690, 0x00000000e7600000| 43%| O|  |TAMS 0x00000000e7500000| PB 0x00000000e7500000| Untracked 
| 118|0x00000000e7600000, 0x00000000e76ffff0, 0x00000000e7700000| 99%| O|  |TAMS 0x00000000e7600000| PB 0x00000000e7600000| Untracked 
| 119|0x00000000e7700000, 0x00000000e77fb398, 0x00000000e7800000| 98%| O|  |TAMS 0x00000000e7700000| PB 0x00000000e7700000| Untracked 
| 120|0x00000000e7800000, 0x00000000e7800000, 0x00000000e7900000|  0%| F|  |TAMS 0x00000000e7800000| PB 0x00000000e7800000| Untracked 
| 121|0x00000000e7900000, 0x00000000e7900000, 0x00000000e7a00000|  0%| F|  |TAMS 0x00000000e7900000| PB 0x00000000e7900000| Untracked 
| 122|0x00000000e7a00000, 0x00000000e7a00000, 0x00000000e7b00000|  0%| F|  |TAMS 0x00000000e7a00000| PB 0x00000000e7a00000| Untracked 
| 123|0x00000000e7b00000, 0x00000000e7b915a8, 0x00000000e7c00000| 56%| O|  |TAMS 0x00000000e7b00000| PB 0x00000000e7b00000| Untracked 
| 124|0x00000000e7c00000, 0x00000000e7c00000, 0x00000000e7d00000|  0%| F|  |TAMS 0x00000000e7c00000| PB 0x00000000e7c00000| Untracked 
| 125|0x00000000e7d00000, 0x00000000e7d00000, 0x00000000e7e00000|  0%| F|  |TAMS 0x00000000e7d00000| PB 0x00000000e7d00000| Untracked 
| 126|0x00000000e7e00000, 0x00000000e7ebb280, 0x00000000e7f00000| 73%| O|  |TAMS 0x00000000e7e00000| PB 0x00000000e7e00000| Untracked 
| 127|0x00000000e7f00000, 0x00000000e7f00000, 0x00000000e8000000|  0%| F|  |TAMS 0x00000000e7f00000| PB 0x00000000e7f00000| Untracked 
| 128|0x00000000e8000000, 0x00000000e8000000, 0x00000000e8100000|  0%| F|  |TAMS 0x00000000e8000000| PB 0x00000000e8000000| Untracked 
| 129|0x00000000e8100000, 0x00000000e8100000, 0x00000000e8200000|  0%| F|  |TAMS 0x00000000e8100000| PB 0x00000000e8100000| Untracked 
| 130|0x00000000e8200000, 0x00000000e8200000, 0x00000000e8300000|  0%| F|  |TAMS 0x00000000e8200000| PB 0x00000000e8200000| Untracked 
| 131|0x00000000e8300000, 0x00000000e8300000, 0x00000000e8400000|  0%| F|  |TAMS 0x00000000e8300000| PB 0x00000000e8300000| Untracked 
| 132|0x00000000e8400000, 0x00000000e8400000, 0x00000000e8500000|  0%| F|  |TAMS 0x00000000e8400000| PB 0x00000000e8400000| Untracked 
| 133|0x00000000e8500000, 0x00000000e8500000, 0x00000000e8600000|  0%| F|  |TAMS 0x00000000e8500000| PB 0x00000000e8500000| Untracked 
| 134|0x00000000e8600000, 0x00000000e8600000, 0x00000000e8700000|  0%| F|  |TAMS 0x00000000e8600000| PB 0x00000000e8600000| Untracked 
| 135|0x00000000e8700000, 0x00000000e8700000, 0x00000000e8800000|  0%| F|  |TAMS 0x00000000e8700000| PB 0x00000000e8700000| Untracked 
| 136|0x00000000e8800000, 0x00000000e8800000, 0x00000000e8900000|  0%| F|  |TAMS 0x00000000e8800000| PB 0x00000000e8800000| Untracked 
| 137|0x00000000e8900000, 0x00000000e8900000, 0x00000000e8a00000|  0%| F|  |TAMS 0x00000000e8900000| PB 0x00000000e8900000| Untracked 
| 138|0x00000000e8a00000, 0x00000000e8a00000, 0x00000000e8b00000|  0%| F|  |TAMS 0x00000000e8a00000| PB 0x00000000e8a00000| Untracked 
| 139|0x00000000e8b00000, 0x00000000e8b00000, 0x00000000e8c00000|  0%| F|  |TAMS 0x00000000e8b00000| PB 0x00000000e8b00000| Untracked 
| 140|0x00000000e8c00000, 0x00000000e8c00000, 0x00000000e8d00000|  0%| F|  |TAMS 0x00000000e8c00000| PB 0x00000000e8c00000| Untracked 
| 141|0x00000000e8d00000, 0x00000000e8d00000, 0x00000000e8e00000|  0%| F|  |TAMS 0x00000000e8d00000| PB 0x00000000e8d00000| Untracked 
| 142|0x00000000e8e00000, 0x00000000e8e00000, 0x00000000e8f00000|  0%| F|  |TAMS 0x00000000e8e00000| PB 0x00000000e8e00000| Untracked 
| 143|0x00000000e8f00000, 0x00000000e8f00000, 0x00000000e9000000|  0%| F|  |TAMS 0x00000000e8f00000| PB 0x00000000e8f00000| Untracked 
| 144|0x00000000e9000000, 0x00000000e9000000, 0x00000000e9100000|  0%| F|  |TAMS 0x00000000e9000000| PB 0x00000000e9000000| Untracked 
| 145|0x00000000e9100000, 0x00000000e9100000, 0x00000000e9200000|  0%| F|  |TAMS 0x00000000e9100000| PB 0x00000000e9100000| Untracked 
| 146|0x00000000e9200000, 0x00000000e9200000, 0x00000000e9300000|  0%| F|  |TAMS 0x00000000e9200000| PB 0x00000000e9200000| Untracked 
| 147|0x00000000e9300000, 0x00000000e9300000, 0x00000000e9400000|  0%| F|  |TAMS 0x00000000e9300000| PB 0x00000000e9300000| Untracked 
| 148|0x00000000e9400000, 0x00000000e9400000, 0x00000000e9500000|  0%| F|  |TAMS 0x00000000e9400000| PB 0x00000000e9400000| Untracked 
| 149|0x00000000e9500000, 0x00000000e9500000, 0x00000000e9600000|  0%| F|  |TAMS 0x00000000e9500000| PB 0x00000000e9500000| Untracked 
| 150|0x00000000e9600000, 0x00000000e9600000, 0x00000000e9700000|  0%| F|  |TAMS 0x00000000e9600000| PB 0x00000000e9600000| Untracked 
| 151|0x00000000e9700000, 0x00000000e9700000, 0x00000000e9800000|  0%| F|  |TAMS 0x00000000e9700000| PB 0x00000000e9700000| Untracked 
| 152|0x00000000e9800000, 0x00000000e9800000, 0x00000000e9900000|  0%| F|  |TAMS 0x00000000e9800000| PB 0x00000000e9800000| Untracked 
| 153|0x00000000e9900000, 0x00000000e9900000, 0x00000000e9a00000|  0%| F|  |TAMS 0x00000000e9900000| PB 0x00000000e9900000| Untracked 
| 154|0x00000000e9a00000, 0x00000000e9a00000, 0x00000000e9b00000|  0%| F|  |TAMS 0x00000000e9a00000| PB 0x00000000e9a00000| Untracked 
| 155|0x00000000e9b00000, 0x00000000e9b00000, 0x00000000e9c00000|  0%| F|  |TAMS 0x00000000e9b00000| PB 0x00000000e9b00000| Untracked 
| 156|0x00000000e9c00000, 0x00000000e9c00000, 0x00000000e9d00000|  0%| F|  |TAMS 0x00000000e9c00000| PB 0x00000000e9c00000| Untracked 
| 157|0x00000000e9d00000, 0x00000000e9d00000, 0x00000000e9e00000|  0%| F|  |TAMS 0x00000000e9d00000| PB 0x00000000e9d00000| Untracked 
| 158|0x00000000e9e00000, 0x00000000e9e00000, 0x00000000e9f00000|  0%| F|  |TAMS 0x00000000e9e00000| PB 0x00000000e9e00000| Untracked 
| 159|0x00000000e9f00000, 0x00000000e9f00000, 0x00000000ea000000|  0%| F|  |TAMS 0x00000000e9f00000| PB 0x00000000e9f00000| Untracked 
| 160|0x00000000ea000000, 0x00000000ea000000, 0x00000000ea100000|  0%| F|  |TAMS 0x00000000ea000000| PB 0x00000000ea000000| Untracked 
| 161|0x00000000ea100000, 0x00000000ea100000, 0x00000000ea200000|  0%| F|  |TAMS 0x00000000ea100000| PB 0x00000000ea100000| Untracked 
| 162|0x00000000ea200000, 0x00000000ea200000, 0x00000000ea300000|  0%| F|  |TAMS 0x00000000ea200000| PB 0x00000000ea200000| Untracked 
| 163|0x00000000ea300000, 0x00000000ea300000, 0x00000000ea400000|  0%| F|  |TAMS 0x00000000ea300000| PB 0x00000000ea300000| Untracked 
| 164|0x00000000ea400000, 0x00000000ea400000, 0x00000000ea500000|  0%| F|  |TAMS 0x00000000ea400000| PB 0x00000000ea400000| Untracked 
| 165|0x00000000ea500000, 0x00000000ea500000, 0x00000000ea600000|  0%| F|  |TAMS 0x00000000ea500000| PB 0x00000000ea500000| Untracked 
| 166|0x00000000ea600000, 0x00000000ea600000, 0x00000000ea700000|  0%| F|  |TAMS 0x00000000ea600000| PB 0x00000000ea600000| Untracked 
| 167|0x00000000ea700000, 0x00000000ea700000, 0x00000000ea800000|  0%| F|  |TAMS 0x00000000ea700000| PB 0x00000000ea700000| Untracked 
| 168|0x00000000ea800000, 0x00000000ea800000, 0x00000000ea900000|  0%| F|  |TAMS 0x00000000ea800000| PB 0x00000000ea800000| Untracked 
| 169|0x00000000ea900000, 0x00000000ea900000, 0x00000000eaa00000|  0%| F|  |TAMS 0x00000000ea900000| PB 0x00000000ea900000| Untracked 
| 170|0x00000000eaa00000, 0x00000000eaa00000, 0x00000000eab00000|  0%| F|  |TAMS 0x00000000eaa00000| PB 0x00000000eaa00000| Untracked 
| 171|0x00000000eab00000, 0x00000000eab00000, 0x00000000eac00000|  0%| F|  |TAMS 0x00000000eab00000| PB 0x00000000eab00000| Untracked 
| 172|0x00000000eac00000, 0x00000000eac00000, 0x00000000ead00000|  0%| F|  |TAMS 0x00000000eac00000| PB 0x00000000eac00000| Untracked 
| 173|0x00000000ead00000, 0x00000000ead00000, 0x00000000eae00000|  0%| F|  |TAMS 0x00000000ead00000| PB 0x00000000ead00000| Untracked 
| 174|0x00000000eae00000, 0x00000000eae00000, 0x00000000eaf00000|  0%| F|  |TAMS 0x00000000eae00000| PB 0x00000000eae00000| Untracked 
| 175|0x00000000eaf00000, 0x00000000eaf00000, 0x00000000eb000000|  0%| F|  |TAMS 0x00000000eaf00000| PB 0x00000000eaf00000| Untracked 
| 176|0x00000000eb000000, 0x00000000eb000000, 0x00000000eb100000|  0%| F|  |TAMS 0x00000000eb000000| PB 0x00000000eb000000| Untracked 
| 177|0x00000000eb100000, 0x00000000eb100000, 0x00000000eb200000|  0%| F|  |TAMS 0x00000000eb100000| PB 0x00000000eb100000| Untracked 
| 178|0x00000000eb200000, 0x00000000eb200000, 0x00000000eb300000|  0%| F|  |TAMS 0x00000000eb200000| PB 0x00000000eb200000| Untracked 
| 179|0x00000000eb300000, 0x00000000eb300000, 0x00000000eb400000|  0%| F|  |TAMS 0x00000000eb300000| PB 0x00000000eb300000| Untracked 
| 180|0x00000000eb400000, 0x00000000eb400000, 0x00000000eb500000|  0%| F|  |TAMS 0x00000000eb400000| PB 0x00000000eb400000| Untracked 
| 181|0x00000000eb500000, 0x00000000eb600000, 0x00000000eb600000|100%|HS|  |TAMS 0x00000000eb500000| PB 0x00000000eb500000| Untracked 
| 182|0x00000000eb600000, 0x00000000eb700000, 0x00000000eb700000|100%|HS|  |TAMS 0x00000000eb600000| PB 0x00000000eb600000| Untracked 
| 183|0x00000000eb700000, 0x00000000eb800000, 0x00000000eb800000|100%|HC|  |TAMS 0x00000000eb700000| PB 0x00000000eb700000| Untracked 
| 184|0x00000000eb800000, 0x00000000eb800000, 0x00000000eb900000|  0%| F|  |TAMS 0x00000000eb800000| PB 0x00000000eb800000| Untracked 
| 185|0x00000000eb900000, 0x00000000eb900000, 0x00000000eba00000|  0%| F|  |TAMS 0x00000000eb900000| PB 0x00000000eb900000| Untracked 
| 186|0x00000000eba00000, 0x00000000eba00000, 0x00000000ebb00000|  0%| F|  |TAMS 0x00000000eba00000| PB 0x00000000eba00000| Untracked 
| 187|0x00000000ebb00000, 0x00000000ebb00000, 0x00000000ebc00000|  0%| F|  |TAMS 0x00000000ebb00000| PB 0x00000000ebb00000| Untracked 
| 188|0x00000000ebc00000, 0x00000000ebc00000, 0x00000000ebd00000|  0%| F|  |TAMS 0x00000000ebc00000| PB 0x00000000ebc00000| Untracked 
| 189|0x00000000ebd00000, 0x00000000ebd00000, 0x00000000ebe00000|  0%| F|  |TAMS 0x00000000ebd00000| PB 0x00000000ebd00000| Untracked 
| 190|0x00000000ebe00000, 0x00000000ebe00000, 0x00000000ebf00000|  0%| F|  |TAMS 0x00000000ebe00000| PB 0x00000000ebe00000| Untracked 
| 191|0x00000000ebf00000, 0x00000000ebf00000, 0x00000000ec000000|  0%| F|  |TAMS 0x00000000ebf00000| PB 0x00000000ebf00000| Untracked 
| 192|0x00000000ec000000, 0x00000000ec000000, 0x00000000ec100000|  0%| F|  |TAMS 0x00000000ec000000| PB 0x00000000ec000000| Untracked 
| 193|0x00000000ec100000, 0x00000000ec100000, 0x00000000ec200000|  0%| F|  |TAMS 0x00000000ec100000| PB 0x00000000ec100000| Untracked 
| 194|0x00000000ec200000, 0x00000000ec200000, 0x00000000ec300000|  0%| F|  |TAMS 0x00000000ec200000| PB 0x00000000ec200000| Untracked 
| 195|0x00000000ec300000, 0x00000000ec300000, 0x00000000ec400000|  0%| F|  |TAMS 0x00000000ec300000| PB 0x00000000ec300000| Untracked 
| 196|0x00000000ec400000, 0x00000000ec400000, 0x00000000ec500000|  0%| F|  |TAMS 0x00000000ec400000| PB 0x00000000ec400000| Untracked 
| 197|0x00000000ec500000, 0x00000000ec500000, 0x00000000ec600000|  0%| F|  |TAMS 0x00000000ec500000| PB 0x00000000ec500000| Untracked 
| 198|0x00000000ec600000, 0x00000000ec600000, 0x00000000ec700000|  0%| F|  |TAMS 0x00000000ec600000| PB 0x00000000ec600000| Untracked 
| 199|0x00000000ec700000, 0x00000000ec700000, 0x00000000ec800000|  0%| F|  |TAMS 0x00000000ec700000| PB 0x00000000ec700000| Untracked 
| 200|0x00000000ec800000, 0x00000000ec800000, 0x00000000ec900000|  0%| F|  |TAMS 0x00000000ec800000| PB 0x00000000ec800000| Untracked 
| 201|0x00000000ec900000, 0x00000000ec900000, 0x00000000eca00000|  0%| F|  |TAMS 0x00000000ec900000| PB 0x00000000ec900000| Untracked 
| 202|0x00000000eca00000, 0x00000000eca00000, 0x00000000ecb00000|  0%| F|  |TAMS 0x00000000eca00000| PB 0x00000000eca00000| Untracked 
| 203|0x00000000ecb00000, 0x00000000ecb00000, 0x00000000ecc00000|  0%| F|  |TAMS 0x00000000ecb00000| PB 0x00000000ecb00000| Untracked 
| 204|0x00000000ecc00000, 0x00000000ecc00000, 0x00000000ecd00000|  0%| F|  |TAMS 0x00000000ecc00000| PB 0x00000000ecc00000| Untracked 
| 205|0x00000000ecd00000, 0x00000000ecd00000, 0x00000000ece00000|  0%| F|  |TAMS 0x00000000ecd00000| PB 0x00000000ecd00000| Untracked 
| 206|0x00000000ece00000, 0x00000000ece00000, 0x00000000ecf00000|  0%| F|  |TAMS 0x00000000ece00000| PB 0x00000000ece00000| Untracked 
| 207|0x00000000ecf00000, 0x00000000ecf00000, 0x00000000ed000000|  0%| F|  |TAMS 0x00000000ecf00000| PB 0x00000000ecf00000| Untracked 
| 208|0x00000000ed000000, 0x00000000ed000000, 0x00000000ed100000|  0%| F|  |TAMS 0x00000000ed000000| PB 0x00000000ed000000| Untracked 
| 209|0x00000000ed100000, 0x00000000ed100000, 0x00000000ed200000|  0%| F|  |TAMS 0x00000000ed100000| PB 0x00000000ed100000| Untracked 
| 210|0x00000000ed200000, 0x00000000ed200000, 0x00000000ed300000|  0%| F|  |TAMS 0x00000000ed200000| PB 0x00000000ed200000| Untracked 
| 211|0x00000000ed300000, 0x00000000ed300000, 0x00000000ed400000|  0%| F|  |TAMS 0x00000000ed300000| PB 0x00000000ed300000| Untracked 
| 212|0x00000000ed400000, 0x00000000ed400000, 0x00000000ed500000|  0%| F|  |TAMS 0x00000000ed400000| PB 0x00000000ed400000| Untracked 
| 213|0x00000000ed500000, 0x00000000ed500000, 0x00000000ed600000|  0%| F|  |TAMS 0x00000000ed500000| PB 0x00000000ed500000| Untracked 
| 214|0x00000000ed600000, 0x00000000ed600000, 0x00000000ed700000|  0%| F|  |TAMS 0x00000000ed600000| PB 0x00000000ed600000| Untracked 
| 215|0x00000000ed700000, 0x00000000ed700000, 0x00000000ed800000|  0%| F|  |TAMS 0x00000000ed700000| PB 0x00000000ed700000| Untracked 
| 216|0x00000000ed800000, 0x00000000ed800000, 0x00000000ed900000|  0%| F|  |TAMS 0x00000000ed800000| PB 0x00000000ed800000| Untracked 
| 217|0x00000000ed900000, 0x00000000ed900000, 0x00000000eda00000|  0%| F|  |TAMS 0x00000000ed900000| PB 0x00000000ed900000| Untracked 
| 218|0x00000000eda00000, 0x00000000eda00000, 0x00000000edb00000|  0%| F|  |TAMS 0x00000000eda00000| PB 0x00000000eda00000| Untracked 
| 219|0x00000000edb00000, 0x00000000edb00000, 0x00000000edc00000|  0%| F|  |TAMS 0x00000000edb00000| PB 0x00000000edb00000| Untracked 
| 220|0x00000000edc00000, 0x00000000edc00000, 0x00000000edd00000|  0%| F|  |TAMS 0x00000000edc00000| PB 0x00000000edc00000| Untracked 
| 221|0x00000000edd00000, 0x00000000edd00000, 0x00000000ede00000|  0%| F|  |TAMS 0x00000000edd00000| PB 0x00000000edd00000| Untracked 
| 222|0x00000000ede00000, 0x00000000ede00000, 0x00000000edf00000|  0%| F|  |TAMS 0x00000000ede00000| PB 0x00000000ede00000| Untracked 
| 223|0x00000000edf00000, 0x00000000edf00000, 0x00000000ee000000|  0%| F|  |TAMS 0x00000000edf00000| PB 0x00000000edf00000| Untracked 
| 224|0x00000000ee000000, 0x00000000ee000000, 0x00000000ee100000|  0%| F|  |TAMS 0x00000000ee000000| PB 0x00000000ee000000| Untracked 
| 225|0x00000000ee100000, 0x00000000ee100000, 0x00000000ee200000|  0%| F|  |TAMS 0x00000000ee100000| PB 0x00000000ee100000| Untracked 
| 226|0x00000000ee200000, 0x00000000ee200000, 0x00000000ee300000|  0%| F|  |TAMS 0x00000000ee200000| PB 0x00000000ee200000| Untracked 
| 227|0x00000000ee300000, 0x00000000ee300000, 0x00000000ee400000|  0%| F|  |TAMS 0x00000000ee300000| PB 0x00000000ee300000| Untracked 
| 228|0x00000000ee400000, 0x00000000ee400000, 0x00000000ee500000|  0%| F|  |TAMS 0x00000000ee400000| PB 0x00000000ee400000| Untracked 
| 229|0x00000000ee500000, 0x00000000ee500000, 0x00000000ee600000|  0%| F|  |TAMS 0x00000000ee500000| PB 0x00000000ee500000| Untracked 
| 230|0x00000000ee600000, 0x00000000ee600000, 0x00000000ee700000|  0%| F|  |TAMS 0x00000000ee600000| PB 0x00000000ee600000| Untracked 
| 231|0x00000000ee700000, 0x00000000ee700000, 0x00000000ee800000|  0%| F|  |TAMS 0x00000000ee700000| PB 0x00000000ee700000| Untracked 
| 232|0x00000000ee800000, 0x00000000ee800000, 0x00000000ee900000|  0%| F|  |TAMS 0x00000000ee800000| PB 0x00000000ee800000| Untracked 
| 233|0x00000000ee900000, 0x00000000ee900000, 0x00000000eea00000|  0%| F|  |TAMS 0x00000000ee900000| PB 0x00000000ee900000| Untracked 
| 234|0x00000000eea00000, 0x00000000eea00000, 0x00000000eeb00000|  0%| F|  |TAMS 0x00000000eea00000| PB 0x00000000eea00000| Untracked 
| 235|0x00000000eeb00000, 0x00000000eeb00000, 0x00000000eec00000|  0%| F|  |TAMS 0x00000000eeb00000| PB 0x00000000eeb00000| Untracked 
| 236|0x00000000eec00000, 0x00000000eec00000, 0x00000000eed00000|  0%| F|  |TAMS 0x00000000eec00000| PB 0x00000000eec00000| Untracked 
| 237|0x00000000eed00000, 0x00000000eed00000, 0x00000000eee00000|  0%| F|  |TAMS 0x00000000eed00000| PB 0x00000000eed00000| Untracked 
| 238|0x00000000eee00000, 0x00000000eee00000, 0x00000000eef00000|  0%| F|  |TAMS 0x00000000eee00000| PB 0x00000000eee00000| Untracked 
| 239|0x00000000eef00000, 0x00000000eef00000, 0x00000000ef000000|  0%| F|  |TAMS 0x00000000eef00000| PB 0x00000000eef00000| Untracked 
| 240|0x00000000ef000000, 0x00000000ef000000, 0x00000000ef100000|  0%| F|  |TAMS 0x00000000ef000000| PB 0x00000000ef000000| Untracked 
| 241|0x00000000ef100000, 0x00000000ef100000, 0x00000000ef200000|  0%| F|  |TAMS 0x00000000ef100000| PB 0x00000000ef100000| Untracked 
| 242|0x00000000ef200000, 0x00000000ef200000, 0x00000000ef300000|  0%| F|  |TAMS 0x00000000ef200000| PB 0x00000000ef200000| Untracked 
| 243|0x00000000ef300000, 0x00000000ef300000, 0x00000000ef400000|  0%| F|  |TAMS 0x00000000ef300000| PB 0x00000000ef300000| Untracked 
| 244|0x00000000ef400000, 0x00000000ef400000, 0x00000000ef500000|  0%| F|  |TAMS 0x00000000ef400000| PB 0x00000000ef400000| Untracked 
| 245|0x00000000ef500000, 0x00000000ef500000, 0x00000000ef600000|  0%| F|  |TAMS 0x00000000ef500000| PB 0x00000000ef500000| Untracked 
| 246|0x00000000ef600000, 0x00000000ef600000, 0x00000000ef700000|  0%| F|  |TAMS 0x00000000ef600000| PB 0x00000000ef600000| Untracked 
| 247|0x00000000ef700000, 0x00000000ef700000, 0x00000000ef800000|  0%| F|  |TAMS 0x00000000ef700000| PB 0x00000000ef700000| Untracked 
| 248|0x00000000ef800000, 0x00000000ef800000, 0x00000000ef900000|  0%| F|  |TAMS 0x00000000ef800000| PB 0x00000000ef800000| Untracked 
| 249|0x00000000ef900000, 0x00000000ef900000, 0x00000000efa00000|  0%| F|  |TAMS 0x00000000ef900000| PB 0x00000000ef900000| Untracked 
| 250|0x00000000efa00000, 0x00000000efa00000, 0x00000000efb00000|  0%| F|  |TAMS 0x00000000efa00000| PB 0x00000000efa00000| Untracked 
| 251|0x00000000efb00000, 0x00000000efb00000, 0x00000000efc00000|  0%| F|  |TAMS 0x00000000efb00000| PB 0x00000000efb00000| Untracked 
| 252|0x00000000efc00000, 0x00000000efc00000, 0x00000000efd00000|  0%| F|  |TAMS 0x00000000efc00000| PB 0x00000000efc00000| Untracked 
| 253|0x00000000efd00000, 0x00000000efd00000, 0x00000000efe00000|  0%| F|  |TAMS 0x00000000efd00000| PB 0x00000000efd00000| Untracked 
| 254|0x00000000efe00000, 0x00000000efe00000, 0x00000000eff00000|  0%| F|  |TAMS 0x00000000efe00000| PB 0x00000000efe00000| Untracked 
| 255|0x00000000eff00000, 0x00000000f0000000, 0x00000000f0000000|100%| O|  |TAMS 0x00000000eff00000| PB 0x00000000eff00000| Untracked 
| 256|0x00000000f0000000, 0x00000000f0000000, 0x00000000f0100000|  0%| F|  |TAMS 0x00000000f0000000| PB 0x00000000f0000000| Untracked 
| 257|0x00000000f0100000, 0x00000000f0200000, 0x00000000f0200000|100%| O|  |TAMS 0x00000000f0100000| PB 0x00000000f0100000| Untracked 
| 258|0x00000000f0200000, 0x00000000f0200000, 0x00000000f0300000|  0%| F|  |TAMS 0x00000000f0200000| PB 0x00000000f0200000| Untracked 
| 259|0x00000000f0300000, 0x00000000f0400000, 0x00000000f0400000|100%| O|  |TAMS 0x00000000f0300000| PB 0x00000000f0300000| Untracked 
| 260|0x00000000f0400000, 0x00000000f0400000, 0x00000000f0500000|  0%| F|  |TAMS 0x00000000f0400000| PB 0x00000000f0400000| Untracked 
| 261|0x00000000f0500000, 0x00000000f0500000, 0x00000000f0600000|  0%| F|  |TAMS 0x00000000f0500000| PB 0x00000000f0500000| Untracked 
| 262|0x00000000f0600000, 0x00000000f0600000, 0x00000000f0700000|  0%| F|  |TAMS 0x00000000f0600000| PB 0x00000000f0600000| Untracked 
| 263|0x00000000f0700000, 0x00000000f0700000, 0x00000000f0800000|  0%| F|  |TAMS 0x00000000f0700000| PB 0x00000000f0700000| Untracked 
| 264|0x00000000f0800000, 0x00000000f0800000, 0x00000000f0900000|  0%| F|  |TAMS 0x00000000f0800000| PB 0x00000000f0800000| Untracked 
| 265|0x00000000f0900000, 0x00000000f0900000, 0x00000000f0a00000|  0%| F|  |TAMS 0x00000000f0900000| PB 0x00000000f0900000| Untracked 
| 266|0x00000000f0a00000, 0x00000000f0a00000, 0x00000000f0b00000|  0%| F|  |TAMS 0x00000000f0a00000| PB 0x00000000f0a00000| Untracked 
| 267|0x00000000f0b00000, 0x00000000f0b00000, 0x00000000f0c00000|  0%| F|  |TAMS 0x00000000f0b00000| PB 0x00000000f0b00000| Untracked 
| 268|0x00000000f0c00000, 0x00000000f0c00000, 0x00000000f0d00000|  0%| F|  |TAMS 0x00000000f0c00000| PB 0x00000000f0c00000| Untracked 
| 269|0x00000000f0d00000, 0x00000000f0d00000, 0x00000000f0e00000|  0%| F|  |TAMS 0x00000000f0d00000| PB 0x00000000f0d00000| Untracked 
| 270|0x00000000f0e00000, 0x00000000f0e00000, 0x00000000f0f00000|  0%| F|  |TAMS 0x00000000f0e00000| PB 0x00000000f0e00000| Untracked 
| 271|0x00000000f0f00000, 0x00000000f0f00000, 0x00000000f1000000|  0%| F|  |TAMS 0x00000000f0f00000| PB 0x00000000f0f00000| Untracked 
| 272|0x00000000f1000000, 0x00000000f1000000, 0x00000000f1100000|  0%| F|  |TAMS 0x00000000f1000000| PB 0x00000000f1000000| Untracked 
| 273|0x00000000f1100000, 0x00000000f1100000, 0x00000000f1200000|  0%| F|  |TAMS 0x00000000f1100000| PB 0x00000000f1100000| Untracked 
| 274|0x00000000f1200000, 0x00000000f1200000, 0x00000000f1300000|  0%| F|  |TAMS 0x00000000f1200000| PB 0x00000000f1200000| Untracked 
| 275|0x00000000f1300000, 0x00000000f1300000, 0x00000000f1400000|  0%| F|  |TAMS 0x00000000f1300000| PB 0x00000000f1300000| Untracked 
| 276|0x00000000f1400000, 0x00000000f1400000, 0x00000000f1500000|  0%| F|  |TAMS 0x00000000f1400000| PB 0x00000000f1400000| Untracked 
| 277|0x00000000f1500000, 0x00000000f1500000, 0x00000000f1600000|  0%| F|  |TAMS 0x00000000f1500000| PB 0x00000000f1500000| Untracked 
| 278|0x00000000f1600000, 0x00000000f1600000, 0x00000000f1700000|  0%| F|  |TAMS 0x00000000f1600000| PB 0x00000000f1600000| Untracked 
| 279|0x00000000f1700000, 0x00000000f1700000, 0x00000000f1800000|  0%| F|  |TAMS 0x00000000f1700000| PB 0x00000000f1700000| Untracked 
| 280|0x00000000f1800000, 0x00000000f1800000, 0x00000000f1900000|  0%| F|  |TAMS 0x00000000f1800000| PB 0x00000000f1800000| Untracked 
| 281|0x00000000f1900000, 0x00000000f1900000, 0x00000000f1a00000|  0%| F|  |TAMS 0x00000000f1900000| PB 0x00000000f1900000| Untracked 
| 282|0x00000000f1a00000, 0x00000000f1a00000, 0x00000000f1b00000|  0%| F|  |TAMS 0x00000000f1a00000| PB 0x00000000f1a00000| Untracked 
| 283|0x00000000f1b00000, 0x00000000f1b00000, 0x00000000f1c00000|  0%| F|  |TAMS 0x00000000f1b00000| PB 0x00000000f1b00000| Untracked 
| 284|0x00000000f1c00000, 0x00000000f1c00000, 0x00000000f1d00000|  0%| F|  |TAMS 0x00000000f1c00000| PB 0x00000000f1c00000| Untracked 
| 285|0x00000000f1d00000, 0x00000000f1d00000, 0x00000000f1e00000|  0%| F|  |TAMS 0x00000000f1d00000| PB 0x00000000f1d00000| Untracked 
| 286|0x00000000f1e00000, 0x00000000f1e00000, 0x00000000f1f00000|  0%| F|  |TAMS 0x00000000f1e00000| PB 0x00000000f1e00000| Untracked 
| 287|0x00000000f1f00000, 0x00000000f1f00000, 0x00000000f2000000|  0%| F|  |TAMS 0x00000000f1f00000| PB 0x00000000f1f00000| Untracked 
| 288|0x00000000f2000000, 0x00000000f2000000, 0x00000000f2100000|  0%| F|  |TAMS 0x00000000f2000000| PB 0x00000000f2000000| Untracked 
| 289|0x00000000f2100000, 0x00000000f2100000, 0x00000000f2200000|  0%| F|  |TAMS 0x00000000f2100000| PB 0x00000000f2100000| Untracked 
| 290|0x00000000f2200000, 0x00000000f2200000, 0x00000000f2300000|  0%| F|  |TAMS 0x00000000f2200000| PB 0x00000000f2200000| Untracked 
| 291|0x00000000f2300000, 0x00000000f2300000, 0x00000000f2400000|  0%| F|  |TAMS 0x00000000f2300000| PB 0x00000000f2300000| Untracked 
| 292|0x00000000f2400000, 0x00000000f2400000, 0x00000000f2500000|  0%| F|  |TAMS 0x00000000f2400000| PB 0x00000000f2400000| Untracked 
| 293|0x00000000f2500000, 0x00000000f2500000, 0x00000000f2600000|  0%| F|  |TAMS 0x00000000f2500000| PB 0x00000000f2500000| Untracked 
| 294|0x00000000f2600000, 0x00000000f2600000, 0x00000000f2700000|  0%| F|  |TAMS 0x00000000f2600000| PB 0x00000000f2600000| Untracked 
| 295|0x00000000f2700000, 0x00000000f2700000, 0x00000000f2800000|  0%| F|  |TAMS 0x00000000f2700000| PB 0x00000000f2700000| Untracked 
| 296|0x00000000f2800000, 0x00000000f2800000, 0x00000000f2900000|  0%| F|  |TAMS 0x00000000f2800000| PB 0x00000000f2800000| Untracked 
| 297|0x00000000f2900000, 0x00000000f2900000, 0x00000000f2a00000|  0%| F|  |TAMS 0x00000000f2900000| PB 0x00000000f2900000| Untracked 
| 298|0x00000000f2a00000, 0x00000000f2a00000, 0x00000000f2b00000|  0%| F|  |TAMS 0x00000000f2a00000| PB 0x00000000f2a00000| Untracked 
| 299|0x00000000f2b00000, 0x00000000f2b00000, 0x00000000f2c00000|  0%| F|  |TAMS 0x00000000f2b00000| PB 0x00000000f2b00000| Untracked 
| 300|0x00000000f2c00000, 0x00000000f2c00000, 0x00000000f2d00000|  0%| F|  |TAMS 0x00000000f2c00000| PB 0x00000000f2c00000| Untracked 
| 301|0x00000000f2d00000, 0x00000000f2d00000, 0x00000000f2e00000|  0%| F|  |TAMS 0x00000000f2d00000| PB 0x00000000f2d00000| Untracked 
| 302|0x00000000f2e00000, 0x00000000f2e00000, 0x00000000f2f00000|  0%| F|  |TAMS 0x00000000f2e00000| PB 0x00000000f2e00000| Untracked 
| 303|0x00000000f2f00000, 0x00000000f2f00000, 0x00000000f3000000|  0%| F|  |TAMS 0x00000000f2f00000| PB 0x00000000f2f00000| Untracked 
| 304|0x00000000f3000000, 0x00000000f3000000, 0x00000000f3100000|  0%| F|  |TAMS 0x00000000f3000000| PB 0x00000000f3000000| Untracked 
| 305|0x00000000f3100000, 0x00000000f3100000, 0x00000000f3200000|  0%| F|  |TAMS 0x00000000f3100000| PB 0x00000000f3100000| Untracked 
| 306|0x00000000f3200000, 0x00000000f3200000, 0x00000000f3300000|  0%| F|  |TAMS 0x00000000f3200000| PB 0x00000000f3200000| Untracked 
| 307|0x00000000f3300000, 0x00000000f3300000, 0x00000000f3400000|  0%| F|  |TAMS 0x00000000f3300000| PB 0x00000000f3300000| Untracked 
| 308|0x00000000f3400000, 0x00000000f3400000, 0x00000000f3500000|  0%| F|  |TAMS 0x00000000f3400000| PB 0x00000000f3400000| Untracked 
| 309|0x00000000f3500000, 0x00000000f3500000, 0x00000000f3600000|  0%| F|  |TAMS 0x00000000f3500000| PB 0x00000000f3500000| Untracked 
| 310|0x00000000f3600000, 0x00000000f3600000, 0x00000000f3700000|  0%| F|  |TAMS 0x00000000f3600000| PB 0x00000000f3600000| Untracked 
| 311|0x00000000f3700000, 0x00000000f3700000, 0x00000000f3800000|  0%| F|  |TAMS 0x00000000f3700000| PB 0x00000000f3700000| Untracked 
| 312|0x00000000f3800000, 0x00000000f3800000, 0x00000000f3900000|  0%| F|  |TAMS 0x00000000f3800000| PB 0x00000000f3800000| Untracked 
| 313|0x00000000f3900000, 0x00000000f3900000, 0x00000000f3a00000|  0%| F|  |TAMS 0x00000000f3900000| PB 0x00000000f3900000| Untracked 
| 314|0x00000000f3a00000, 0x00000000f3a00000, 0x00000000f3b00000|  0%| F|  |TAMS 0x00000000f3a00000| PB 0x00000000f3a00000| Untracked 
| 315|0x00000000f3b00000, 0x00000000f3b00000, 0x00000000f3c00000|  0%| F|  |TAMS 0x00000000f3b00000| PB 0x00000000f3b00000| Untracked 
| 316|0x00000000f3c00000, 0x00000000f3c00000, 0x00000000f3d00000|  0%| F|  |TAMS 0x00000000f3c00000| PB 0x00000000f3c00000| Untracked 
| 317|0x00000000f3d00000, 0x00000000f3d00000, 0x00000000f3e00000|  0%| F|  |TAMS 0x00000000f3d00000| PB 0x00000000f3d00000| Untracked 
| 318|0x00000000f3e00000, 0x00000000f3e00000, 0x00000000f3f00000|  0%| F|  |TAMS 0x00000000f3e00000| PB 0x00000000f3e00000| Untracked 
| 319|0x00000000f3f00000, 0x00000000f3f00000, 0x00000000f4000000|  0%| F|  |TAMS 0x00000000f3f00000| PB 0x00000000f3f00000| Untracked 
| 320|0x00000000f4000000, 0x00000000f4000000, 0x00000000f4100000|  0%| F|  |TAMS 0x00000000f4000000| PB 0x00000000f4000000| Untracked 
| 321|0x00000000f4100000, 0x00000000f4100000, 0x00000000f4200000|  0%| F|  |TAMS 0x00000000f4100000| PB 0x00000000f4100000| Untracked 
| 322|0x00000000f4200000, 0x00000000f4200000, 0x00000000f4300000|  0%| F|  |TAMS 0x00000000f4200000| PB 0x00000000f4200000| Untracked 
| 323|0x00000000f4300000, 0x00000000f4300000, 0x00000000f4400000|  0%| F|  |TAMS 0x00000000f4300000| PB 0x00000000f4300000| Untracked 
| 324|0x00000000f4400000, 0x00000000f4400000, 0x00000000f4500000|  0%| F|  |TAMS 0x00000000f4400000| PB 0x00000000f4400000| Untracked 
| 325|0x00000000f4500000, 0x00000000f4500000, 0x00000000f4600000|  0%| F|  |TAMS 0x00000000f4500000| PB 0x00000000f4500000| Untracked 
| 326|0x00000000f4600000, 0x00000000f4600000, 0x00000000f4700000|  0%| F|  |TAMS 0x00000000f4600000| PB 0x00000000f4600000| Untracked 
| 327|0x00000000f4700000, 0x00000000f4700000, 0x00000000f4800000|  0%| F|  |TAMS 0x00000000f4700000| PB 0x00000000f4700000| Untracked 
| 328|0x00000000f4800000, 0x00000000f4800000, 0x00000000f4900000|  0%| F|  |TAMS 0x00000000f4800000| PB 0x00000000f4800000| Untracked 
| 329|0x00000000f4900000, 0x00000000f4900000, 0x00000000f4a00000|  0%| F|  |TAMS 0x00000000f4900000| PB 0x00000000f4900000| Untracked 
| 330|0x00000000f4a00000, 0x00000000f4a00000, 0x00000000f4b00000|  0%| F|  |TAMS 0x00000000f4a00000| PB 0x00000000f4a00000| Untracked 
| 331|0x00000000f4b00000, 0x00000000f4b00000, 0x00000000f4c00000|  0%| F|  |TAMS 0x00000000f4b00000| PB 0x00000000f4b00000| Untracked 
| 332|0x00000000f4c00000, 0x00000000f4c00000, 0x00000000f4d00000|  0%| F|  |TAMS 0x00000000f4c00000| PB 0x00000000f4c00000| Untracked 
| 333|0x00000000f4d00000, 0x00000000f4d00000, 0x00000000f4e00000|  0%| F|  |TAMS 0x00000000f4d00000| PB 0x00000000f4d00000| Untracked 
| 334|0x00000000f4e00000, 0x00000000f4e00000, 0x00000000f4f00000|  0%| F|  |TAMS 0x00000000f4e00000| PB 0x00000000f4e00000| Untracked 
| 335|0x00000000f4f00000, 0x00000000f4f00000, 0x00000000f5000000|  0%| F|  |TAMS 0x00000000f4f00000| PB 0x00000000f4f00000| Untracked 
| 336|0x00000000f5000000, 0x00000000f5000000, 0x00000000f5100000|  0%| F|  |TAMS 0x00000000f5000000| PB 0x00000000f5000000| Untracked 
| 337|0x00000000f5100000, 0x00000000f5100000, 0x00000000f5200000|  0%| F|  |TAMS 0x00000000f5100000| PB 0x00000000f5100000| Untracked 
| 338|0x00000000f5200000, 0x00000000f5200000, 0x00000000f5300000|  0%| F|  |TAMS 0x00000000f5200000| PB 0x00000000f5200000| Untracked 
| 339|0x00000000f5300000, 0x00000000f5300000, 0x00000000f5400000|  0%| F|  |TAMS 0x00000000f5300000| PB 0x00000000f5300000| Untracked 
| 340|0x00000000f5400000, 0x00000000f5400000, 0x00000000f5500000|  0%| F|  |TAMS 0x00000000f5400000| PB 0x00000000f5400000| Untracked 
| 341|0x00000000f5500000, 0x00000000f5500000, 0x00000000f5600000|  0%| F|  |TAMS 0x00000000f5500000| PB 0x00000000f5500000| Untracked 
| 342|0x00000000f5600000, 0x00000000f5600000, 0x00000000f5700000|  0%| F|  |TAMS 0x00000000f5600000| PB 0x00000000f5600000| Untracked 
| 343|0x00000000f5700000, 0x00000000f5700000, 0x00000000f5800000|  0%| F|  |TAMS 0x00000000f5700000| PB 0x00000000f5700000| Untracked 
| 344|0x00000000f5800000, 0x00000000f5800000, 0x00000000f5900000|  0%| F|  |TAMS 0x00000000f5800000| PB 0x00000000f5800000| Untracked 
| 345|0x00000000f5900000, 0x00000000f5900000, 0x00000000f5a00000|  0%| F|  |TAMS 0x00000000f5900000| PB 0x00000000f5900000| Untracked 
| 346|0x00000000f5a00000, 0x00000000f5a00000, 0x00000000f5b00000|  0%| F|  |TAMS 0x00000000f5a00000| PB 0x00000000f5a00000| Untracked 
| 347|0x00000000f5b00000, 0x00000000f5b00000, 0x00000000f5c00000|  0%| F|  |TAMS 0x00000000f5b00000| PB 0x00000000f5b00000| Untracked 
| 348|0x00000000f5c00000, 0x00000000f5c00000, 0x00000000f5d00000|  0%| F|  |TAMS 0x00000000f5c00000| PB 0x00000000f5c00000| Untracked 
| 349|0x00000000f5d00000, 0x00000000f5d00000, 0x00000000f5e00000|  0%| F|  |TAMS 0x00000000f5d00000| PB 0x00000000f5d00000| Untracked 
| 350|0x00000000f5e00000, 0x00000000f5e00000, 0x00000000f5f00000|  0%| F|  |TAMS 0x00000000f5e00000| PB 0x00000000f5e00000| Untracked 
| 351|0x00000000f5f00000, 0x00000000f5f00000, 0x00000000f6000000|  0%| F|  |TAMS 0x00000000f5f00000| PB 0x00000000f5f00000| Untracked 
| 352|0x00000000f6000000, 0x00000000f6000000, 0x00000000f6100000|  0%| F|  |TAMS 0x00000000f6000000| PB 0x00000000f6000000| Untracked 
| 353|0x00000000f6100000, 0x00000000f6100000, 0x00000000f6200000|  0%| F|  |TAMS 0x00000000f6100000| PB 0x00000000f6100000| Untracked 
| 354|0x00000000f6200000, 0x00000000f6200000, 0x00000000f6300000|  0%| F|  |TAMS 0x00000000f6200000| PB 0x00000000f6200000| Untracked 
| 355|0x00000000f6300000, 0x00000000f6300000, 0x00000000f6400000|  0%| F|  |TAMS 0x00000000f6300000| PB 0x00000000f6300000| Untracked 
| 356|0x00000000f6400000, 0x00000000f6400000, 0x00000000f6500000|  0%| F|  |TAMS 0x00000000f6400000| PB 0x00000000f6400000| Untracked 
| 357|0x00000000f6500000, 0x00000000f6500000, 0x00000000f6600000|  0%| F|  |TAMS 0x00000000f6500000| PB 0x00000000f6500000| Untracked 
| 502|0x00000000ff600000, 0x00000000ff600000, 0x00000000ff700000|  0%| F|  |TAMS 0x00000000ff600000| PB 0x00000000ff600000| Untracked 
| 503|0x00000000ff700000, 0x00000000ff700000, 0x00000000ff800000|  0%| F|  |TAMS 0x00000000ff700000| PB 0x00000000ff700000| Untracked 
| 504|0x00000000ff800000, 0x00000000ff800000, 0x00000000ff900000|  0%| F|  |TAMS 0x00000000ff800000| PB 0x00000000ff800000| Untracked 
| 505|0x00000000ff900000, 0x00000000ff900000, 0x00000000ffa00000|  0%| F|  |TAMS 0x00000000ff900000| PB 0x00000000ff900000| Untracked 
| 506|0x00000000ffa00000, 0x00000000ffa00000, 0x00000000ffb00000|  0%| F|  |TAMS 0x00000000ffa00000| PB 0x00000000ffa00000| Untracked 
| 507|0x00000000ffb00000, 0x00000000ffb00000, 0x00000000ffc00000|  0%| F|  |TAMS 0x00000000ffb00000| PB 0x00000000ffb00000| Untracked 
| 508|0x00000000ffc00000, 0x00000000ffc00000, 0x00000000ffd00000|  0%| F|  |TAMS 0x00000000ffc00000| PB 0x00000000ffc00000| Untracked 
| 509|0x00000000ffd00000, 0x00000000ffd00000, 0x00000000ffe00000|  0%| F|  |TAMS 0x00000000ffd00000| PB 0x00000000ffd00000| Untracked 
| 510|0x00000000ffe00000, 0x00000000ffe00000, 0x00000000fff00000|  0%| F|  |TAMS 0x00000000ffe00000| PB 0x00000000ffe00000| Untracked 
| 511|0x00000000fff00000, 0x00000000fff27c40, 0x0000000100000000| 15%| E|  |TAMS 0x00000000fff00000| PB 0x00000000fff00000| Complete 

Card table byte_map: [0x00000292fbb50000,0x00000292fbc50000] _byte_map_base: 0x00000292fb450000

Marking Bits: (CMBitMap*) 0x00000292e42cbd50
 Bits: [0x00000292fbc50000, 0x00000292fc450000)

Polling page: 0x00000292e2160000

Metaspace:

Usage:
  Non-class:     91.48 MB used.
      Class:     13.40 MB used.
       Both:    104.88 MB used.

Virtual space:
  Non-class space:      128.00 MB reserved,      95.19 MB ( 74%) committed,  2 nodes.
      Class space:      320.00 MB reserved,      14.81 MB (  5%) committed,  1 nodes.
             Both:      448.00 MB reserved,     110.00 MB ( 25%) committed. 

Chunk freelists:
   Non-Class:  19.49 MB
       Class:  1.82 MB
        Both:  21.31 MB

MaxMetaspaceSize: 384.00 MB
CompressedClassSpaceSize: 320.00 MB
Initial GC threshold: 21.00 MB
Current GC threshold: 185.00 MB
CDS: on
 - commit_granule_bytes: 65536.
 - commit_granule_words: 8192.
 - virtual_space_node_default_size: 8388608.
 - enlarge_chunks_in_place: 1.
 - use_allocation_guard: 0.


Internal statistics:

num_allocs_failed_limit: 9.
num_arena_births: 6086.
num_arena_deaths: 3246.
num_vsnodes_births: 3.
num_vsnodes_deaths: 0.
num_space_committed: 1883.
num_space_uncommitted: 79.
num_chunks_returned_to_freelist: 5532.
num_chunks_taken_from_freelist: 14245.
num_chunk_merges: 1392.
num_chunk_splits: 7365.
num_chunks_enlarged: 4327.
num_inconsistent_stats: 0.

CodeHeap 'non-profiled nmethods': size=120000Kb used=21397Kb max_used=22520Kb free=98602Kb
 bounds [0x00000292f41e0000, 0x00000292f5840000, 0x00000292fb710000]
CodeHeap 'profiled nmethods': size=120000Kb used=22248Kb max_used=42886Kb free=97751Kb
 bounds [0x00000292ec710000, 0x00000292ef160000, 0x00000292f3c40000]
CodeHeap 'non-nmethods': size=5760Kb used=2917Kb max_used=3034Kb free=2842Kb
 bounds [0x00000292f3c40000, 0x00000292f3f50000, 0x00000292f41e0000]
 total_blobs=13946 nmethods=12943 adapters=906
 compilation: enabled
              stopped_count=0, restarted_count=0
 full_count=0

Compilation events (20 events):
Event: 7816.318 Thread 0x00000292feec1db0 nmethod 38768 0x00000292ee899890 code [0x00000292ee899a80, 0x00000292ee89a010]
Event: 7816.318 Thread 0x00000292feec1db0 38770       3       org.gradle.internal.fingerprint.impl.DefaultFileSystemLocationFingerprint::hashCode (23 bytes)
Event: 7816.319 Thread 0x00000292feec1db0 nmethod 38770 0x00000292ee899390 code [0x00000292ee899560, 0x00000292ee899798]
Event: 7816.323 Thread 0x00000292fef00090 nmethod 38769 0x00000292f4a7ee90 code [0x00000292f4a7f040, 0x00000292f4a7f248]
Event: 7816.324 Thread 0x00000292feec1db0 38771       3       java.util.LinkedList$LLSpliterator::getEst (56 bytes)
Event: 7816.325 Thread 0x00000292feec1db0 nmethod 38771 0x00000292ee898f10 code [0x00000292ee8990c0, 0x00000292ee8992e8]
Event: 7816.325 Thread 0x00000292feec1db0 38772       3       java.util.HashMap$EntrySpliterator::tryAdvance (135 bytes)
Event: 7816.326 Thread 0x00000292feec1db0 nmethod 38772 0x00000292eeaf4c90 code [0x00000292eeaf4ec0, 0x00000292eeaf5608]
Event: 7816.326 Thread 0x00000292feec1db0 38773       3       java.util.Map$Entry$$Lambda/0x0000029281563880::compare (12 bytes)
Event: 7816.327 Thread 0x00000292feec1db0 nmethod 38773 0x00000292ecc23190 code [0x00000292ecc233a0, 0x00000292ecc23aa0]
Event: 7816.327 Thread 0x00000292feec1db0 38774       3       java.util.Map$Entry::lambda$comparingByKey$bbdbfea9$1 (21 bytes)
Event: 7816.327 Thread 0x00000292feec1db0 nmethod 38774 0x00000292eeaf4290 code [0x00000292eeaf4480, 0x00000292eeaf48e8]
Event: 7816.546 Thread 0x00000292feec1db0 38775       3       java.nio.file.Files::deleteIfExists (9 bytes)
Event: 7816.547 Thread 0x00000292feec1db0 nmethod 38775 0x00000292ecc22a90 code [0x00000292ecc22c60, 0x00000292ecc23008]
Event: 7818.650 Thread 0x00000292feec1db0 38776       3       org.gradle.launcher.daemon.server.health.gc.GarbageCollectionEvent::<init> (21 bytes)
Event: 7818.650 Thread 0x00000292feec1db0 nmethod 38776 0x00000292ecb1ee10 code [0x00000292ecb1efc0, 0x00000292ecb1f188]
Event: 7818.651 Thread 0x00000292feec1db0 38777   !   3       org.gradle.launcher.daemon.server.health.gc.DefaultSlidingWindow::slideAndInsert (50 bytes)
Event: 7818.653 Thread 0x00000292feec1db0 nmethod 38777 0x00000292ece8b210 code [0x00000292ece8b560, 0x00000292ece8c9f8]
Event: 7818.996 Thread 0x00000292feec1db0 38778   !   3       org.gradle.internal.file.impl.DefaultDeleter::deleteFile (37 bytes)
Event: 7818.998 Thread 0x00000292feec1db0 nmethod 38778 0x00000292ee0e0110 code [0x00000292ee0e0400, 0x00000292ee0e1278]

GC Heap History (20 events):
Event: 7608.275 GC heap after
{Heap after GC invocations=109 (full 0):
 garbage-first heap   total 373760K, used 153721K [0x00000000e0000000, 0x0000000100000000)
  region size 1024K, 17 young (17408K), 17 survivors (17408K)
 Metaspace       used 109801K, committed 111744K, reserved 458752K
  class space    used 14068K, committed 15168K, reserved 327680K
}
Event: 7630.050 GC heap before
{Heap before GC invocations=110 (full 0):
 garbage-first heap   total 373760K, used 328825K [0x00000000e0000000, 0x0000000100000000)
  region size 1024K, 189 young (193536K), 17 survivors (17408K)
 Metaspace       used 109897K, committed 111808K, reserved 458752K
  class space    used 14069K, committed 15168K, reserved 327680K
}
Event: 7630.110 GC heap after
{Heap after GC invocations=111 (full 0):
 garbage-first heap   total 373760K, used 146274K [0x00000000e0000000, 0x0000000100000000)
  region size 1024K, 12 young (12288K), 12 survivors (12288K)
 Metaspace       used 109897K, committed 111808K, reserved 458752K
  class space    used 14069K, committed 15168K, reserved 327680K
}
Event: 7647.365 GC heap before
{Heap before GC invocations=111 (full 0):
 garbage-first heap   total 373760K, used 335714K [0x00000000e0000000, 0x0000000100000000)
  region size 1024K, 192 young (196608K), 12 survivors (12288K)
 Metaspace       used 110053K, committed 111936K, reserved 458752K
  class space    used 14080K, committed 15168K, reserved 327680K
}
Event: 7647.497 GC heap after
{Heap after GC invocations=112 (full 0):
 garbage-first heap   total 373760K, used 159115K [0x00000000e0000000, 0x0000000100000000)
  region size 1024K, 24 young (24576K), 24 survivors (24576K)
 Metaspace       used 110053K, committed 111936K, reserved 458752K
  class space    used 14080K, committed 15168K, reserved 327680K
}
Event: 7657.102 GC heap before
{Heap before GC invocations=112 (full 0):
 garbage-first heap   total 373760K, used 322955K [0x00000000e0000000, 0x0000000100000000)
  region size 1024K, 185 young (189440K), 24 survivors (24576K)
 Metaspace       used 112015K, committed 113664K, reserved 458752K
  class space    used 14305K, committed 15168K, reserved 327680K
}
Event: 7657.162 GC heap after
{Heap after GC invocations=113 (full 0):
 garbage-first heap   total 373760K, used 167854K [0x00000000e0000000, 0x0000000100000000)
  region size 1024K, 8 young (8192K), 8 survivors (8192K)
 Metaspace       used 112015K, committed 113664K, reserved 458752K
  class space    used 14305K, committed 15168K, reserved 327680K
}
Event: 7684.857 GC heap before
{Heap before GC invocations=114 (full 0):
 garbage-first heap   total 373760K, used 331694K [0x00000000e0000000, 0x0000000100000000)
  region size 1024K, 168 young (172032K), 8 survivors (8192K)
 Metaspace       used 112389K, committed 114112K, reserved 458752K
  class space    used 14316K, committed 15168K, reserved 327680K
}
Event: 7684.939 GC heap after
{Heap after GC invocations=115 (full 0):
 garbage-first heap   total 373760K, used 186225K [0x00000000e0000000, 0x0000000100000000)
  region size 1024K, 21 young (21504K), 21 survivors (21504K)
 Metaspace       used 112389K, committed 114112K, reserved 458752K
  class space    used 14316K, committed 15168K, reserved 327680K
}
Event: 7720.794 GC heap before
{Heap before GC invocations=115 (full 0):
 garbage-first heap   total 373760K, used 327537K [0x00000000e0000000, 0x0000000100000000)
  region size 1024K, 160 young (163840K), 21 survivors (21504K)
 Metaspace       used 112427K, committed 114112K, reserved 458752K
  class space    used 14318K, committed 15168K, reserved 327680K
}
Event: 7720.891 GC heap after
{Heap after GC invocations=116 (full 0):
 garbage-first heap   total 373760K, used 198616K [0x00000000e0000000, 0x0000000100000000)
  region size 1024K, 15 young (15360K), 15 survivors (15360K)
 Metaspace       used 112427K, committed 114112K, reserved 458752K
  class space    used 14318K, committed 15168K, reserved 327680K
}
Event: 7739.851 GC heap before
{Heap before GC invocations=116 (full 0):
 garbage-first heap   total 373760K, used 285656K [0x00000000e0000000, 0x0000000100000000)
  region size 1024K, 102 young (104448K), 15 survivors (15360K)
 Metaspace       used 112474K, committed 114176K, reserved 458752K
  class space    used 14321K, committed 15168K, reserved 327680K
}
Event: 7739.902 GC heap after
{Heap after GC invocations=117 (full 0):
 garbage-first heap   total 373760K, used 203699K [0x00000000e0000000, 0x0000000100000000)
  region size 1024K, 9 young (9216K), 9 survivors (9216K)
 Metaspace       used 112474K, committed 114176K, reserved 458752K
  class space    used 14321K, committed 15168K, reserved 327680K
}
Event: 7760.360 GC heap before
{Heap before GC invocations=118 (full 0):
 garbage-first heap   total 373760K, used 340915K [0x00000000e0000000, 0x0000000100000000)
  region size 1024K, 138 young (141312K), 9 survivors (9216K)
 Metaspace       used 108698K, committed 112576K, reserved 458752K
  class space    used 13876K, committed 15168K, reserved 327680K
}
Event: 7760.418 GC heap after
{Heap after GC invocations=119 (full 0):
 garbage-first heap   total 376832K, used 230944K [0x00000000e0000000, 0x0000000100000000)
  region size 1024K, 18 young (18432K), 18 survivors (18432K)
 Metaspace       used 108698K, committed 112576K, reserved 458752K
  class space    used 13876K, committed 15168K, reserved 327680K
}
Event: 7794.760 GC heap before
{Heap before GC invocations=119 (full 0):
 garbage-first heap   total 376832K, used 331296K [0x00000000e0000000, 0x0000000100000000)
  region size 1024K, 117 young (119808K), 18 survivors (18432K)
 Metaspace       used 108973K, committed 112640K, reserved 458752K
  class space    used 13909K, committed 15168K, reserved 327680K
}
Event: 7794.837 GC heap after
{Heap after GC invocations=120 (full 0):
 garbage-first heap   total 376832K, used 207360K [0x00000000e0000000, 0x0000000100000000)
  region size 1024K, 12 young (12288K), 12 survivors (12288K)
 Metaspace       used 108973K, committed 112640K, reserved 458752K
  class space    used 13909K, committed 15168K, reserved 327680K
}
Event: 7818.189 GC heap before
{Heap before GC invocations=120 (full 0):
 garbage-first heap   total 376832K, used 286208K [0x00000000e0000000, 0x0000000100000000)
  region size 1024K, 91 young (93184K), 12 survivors (12288K)
 Metaspace       used 108987K, committed 112640K, reserved 458752K
  class space    used 13909K, committed 15168K, reserved 327680K
}
Event: 7818.648 GC heap after
{Heap after GC invocations=121 (full 1):
 garbage-first heap   total 376832K, used 124059K [0x00000000e0000000, 0x0000000100000000)
  region size 1024K, 0 young (0K), 0 survivors (0K)
 Metaspace       used 107392K, committed 112640K, reserved 458752K
  class space    used 13720K, committed 15168K, reserved 327680K
}
Event: 7819.163 GC heap before
{Heap before GC invocations=121 (full 1):
 garbage-first heap   total 376832K, used 124059K [0x00000000e0000000, 0x0000000100000000)
  region size 1024K, 1 young (1024K), 0 survivors (0K)
 Metaspace       used 107395K, committed 112640K, reserved 458752K
  class space    used 13720K, committed 15168K, reserved 327680K
}

Dll operation events (15 events):
Event: 0.030 Loaded shared library C:\Program Files\Java\jdk-21\bin\java.dll
Event: 0.127 Loaded shared library C:\Program Files\Java\jdk-21\bin\jsvml.dll
Event: 0.229 Loaded shared library C:\Program Files\Java\jdk-21\bin\zip.dll
Event: 0.238 Loaded shared library C:\Program Files\Java\jdk-21\bin\instrument.dll
Event: 0.251 Loaded shared library C:\Program Files\Java\jdk-21\bin\net.dll
Event: 0.257 Loaded shared library C:\Program Files\Java\jdk-21\bin\nio.dll
Event: 0.265 Loaded shared library C:\Program Files\Java\jdk-21\bin\zip.dll
Event: 1.471 Loaded shared library C:\Program Files\Java\jdk-21\bin\jimage.dll
Event: 1.969 Loaded shared library C:\Program Files\Java\jdk-21\bin\verify.dll
Event: 2.150 Loaded shared library C:\Users\DAMIN\.gradle\native\1def1411415f61bf3af743bc5b6707747c0891f09f0c88961ee8f79bc544acac\windows-amd64\native-platform.dll
Event: 2.174 Loaded shared library C:\Users\DAMIN\.gradle\native\0.2.7\x86_64-windows-gnu\gradle-fileevents.dll
Event: 5.320 Loaded shared library C:\Program Files\Java\jdk-21\bin\management.dll
Event: 5.327 Loaded shared library C:\Program Files\Java\jdk-21\bin\management_ext.dll
Event: 5.594 Loaded shared library C:\Program Files\Java\jdk-21\bin\extnet.dll
Event: 6.013 Loaded shared library C:\Program Files\Java\jdk-21\bin\sunmscapi.dll

Deoptimization events (20 events):
Event: 7778.888 Thread 0x000002929d660910 Uncommon trap: trap_request=0xffffffbe fr.pc=0x00000292f4903f30 relative=0x00000000000004f0
Event: 7778.888 Thread 0x000002929d660910 Uncommon trap: reason=profile_predicate action=maybe_recompile pc=0x00000292f4903f30 method=org.gradle.api.internal.artifacts.transform.TransformingAsyncArtifactListener$TransformedArtifact.lambda$visit$3(Lorg/gradle/api/internal/artifacts/ivyservice/reso
Event: 7778.888 Thread 0x000002929d660910 DEOPT PACKING pc=0x00000292f4903f30 sp=0x000000f380bf9490
Event: 7778.888 Thread 0x000002929d660910 DEOPT UNPACKING pc=0x00000292f3c946a2 sp=0x000000f380bf9440 mode 2
Event: 7778.889 Thread 0x000002929d660910 Uncommon trap: trap_request=0xffffffbe fr.pc=0x00000292f4903f30 relative=0x00000000000004f0
Event: 7778.889 Thread 0x000002929d660910 Uncommon trap: reason=profile_predicate action=maybe_recompile pc=0x00000292f4903f30 method=org.gradle.api.internal.artifacts.transform.TransformingAsyncArtifactListener$TransformedArtifact.lambda$visit$3(Lorg/gradle/api/internal/artifacts/ivyservice/reso
Event: 7778.889 Thread 0x000002929d660910 DEOPT PACKING pc=0x00000292f4903f30 sp=0x000000f380bf9490
Event: 7778.889 Thread 0x000002929d660910 DEOPT UNPACKING pc=0x00000292f3c946a2 sp=0x000000f380bf9440 mode 2
Event: 7778.889 Thread 0x000002929d660910 Uncommon trap: trap_request=0xffffffbe fr.pc=0x00000292f4903f30 relative=0x00000000000004f0
Event: 7778.889 Thread 0x000002929d660910 Uncommon trap: reason=profile_predicate action=maybe_recompile pc=0x00000292f4903f30 method=org.gradle.api.internal.artifacts.transform.TransformingAsyncArtifactListener$TransformedArtifact.lambda$visit$3(Lorg/gradle/api/internal/artifacts/ivyservice/reso
Event: 7778.889 Thread 0x000002929d660910 DEOPT PACKING pc=0x00000292f4903f30 sp=0x000000f380bf9490
Event: 7778.889 Thread 0x000002929d660910 DEOPT UNPACKING pc=0x00000292f3c946a2 sp=0x000000f380bf9440 mode 2
Event: 7797.499 Thread 0x000002929f69e950 Uncommon trap: trap_request=0xffffffc6 fr.pc=0x00000292f4afbb3c relative=0x00000000000000fc
Event: 7797.499 Thread 0x000002929f69e950 Uncommon trap: reason=bimorphic_or_optimized_type_check action=maybe_recompile pc=0x00000292f4afbb3c method=org.gradle.internal.snapshot.SnapshotUtil.lambda$getRootHashes$3(Lcom/google/common/collect/ImmutableListMultimap$Builder;Lorg/gradle/internal/snap
Event: 7797.499 Thread 0x000002929f69e950 DEOPT PACKING pc=0x00000292f4afbb3c sp=0x000000f3873fbef0
Event: 7797.499 Thread 0x000002929f69e950 DEOPT UNPACKING pc=0x00000292f3c946a2 sp=0x000000f3873fbe10 mode 2
Event: 7818.650 Thread 0x00000292feeb8ea0 Uncommon trap: trap_request=0xffffff45 fr.pc=0x00000292f52daf54 relative=0x00000000000045b4
Event: 7818.650 Thread 0x00000292feeb8ea0 Uncommon trap: reason=unstable_if action=reinterpret pc=0x00000292f52daf54 method=org.gradle.launcher.daemon.server.health.gc.GarbageCollectionCheck.run()V @ 100 c2
Event: 7818.650 Thread 0x00000292feeb8ea0 DEOPT PACKING pc=0x00000292f52daf54 sp=0x000000f3fedff150
Event: 7818.650 Thread 0x00000292feeb8ea0 DEOPT UNPACKING pc=0x00000292f3c946a2 sp=0x000000f3fedff120 mode 2

Classes loaded (20 events):
Event: 6066.739 Loading class jdk/internal/module/IllegalAccessLogger
Event: 6066.742 Loading class jdk/internal/module/IllegalAccessLogger done
Event: 6124.128 Loading class jdk/internal/module/IllegalAccessLogger
Event: 6124.128 Loading class jdk/internal/module/IllegalAccessLogger done
Event: 6142.535 Loading class jdk/internal/module/IllegalAccessLogger
Event: 6142.535 Loading class jdk/internal/module/IllegalAccessLogger done
Event: 6156.919 Loading class jdk/internal/module/IllegalAccessLogger
Event: 6156.919 Loading class jdk/internal/module/IllegalAccessLogger done
Event: 6172.001 Loading class jdk/internal/module/IllegalAccessLogger
Event: 6172.001 Loading class jdk/internal/module/IllegalAccessLogger done
Event: 6186.660 Loading class jdk/internal/module/IllegalAccessLogger
Event: 6186.660 Loading class jdk/internal/module/IllegalAccessLogger done
Event: 7588.747 Loading class jdk/internal/module/IllegalAccessLogger
Event: 7588.749 Loading class jdk/internal/module/IllegalAccessLogger done
Event: 7612.475 Loading class jdk/internal/module/IllegalAccessLogger
Event: 7612.475 Loading class jdk/internal/module/IllegalAccessLogger done
Event: 7647.767 Loading class jdk/internal/module/IllegalAccessLogger
Event: 7647.767 Loading class jdk/internal/module/IllegalAccessLogger done
Event: 7753.718 Loading class jdk/internal/module/IllegalAccessLogger
Event: 7753.718 Loading class jdk/internal/module/IllegalAccessLogger done

Classes unloaded (20 events):
Event: 7818.268 Thread 0x00000292fee92160 Unloading class 0x0000029281cbdda8 'lombok/javac/apt/MessagerDiagnosticsReceiver'
Event: 7818.268 Thread 0x00000292fee92160 Unloading class 0x0000029281cbe000 'lombok/javac/apt/InterceptingJavaFileManager'
Event: 7818.268 Thread 0x00000292fee92160 Unloading class 0x0000029281cbdba0 'lombok/permit/dummy/Parent'
Event: 7818.268 Thread 0x00000292fee92160 Unloading class 0x0000029281cbd988 'lombok/core/CleanupRegistry'
Event: 7818.268 Thread 0x00000292fee92160 Unloading class 0x0000029281cbd698 'lombok/javac/apt/LombokProcessor$1'
Event: 7818.268 Thread 0x00000292fee92160 Unloading class 0x0000029281cbd4a0 'lombok/core/DiagnosticsReceiver'
Event: 7818.268 Thread 0x00000292fee92160 Unloading class 0x0000029281cbd208 'lombok/javac/apt/LombokProcessor'
Event: 7818.268 Thread 0x00000292fee92160 Unloading class 0x0000029281cbd000 'lombok/permit/Permit$Fake'
Event: 7818.268 Thread 0x00000292fee92160 Unloading class 0x0000029281afdc68 'lombok/permit/Permit'
Event: 7818.268 Thread 0x00000292fee92160 Unloading class 0x0000029281afda38 'lombok/core/AnnotationProcessor$EcjDescriptor'
Event: 7818.268 Thread 0x00000292fee92160 Unloading class 0x0000029281afd800 'lombok/core/AnnotationProcessor$JavacDescriptor'
Event: 7818.268 Thread 0x00000292fee92160 Unloading class 0x0000029281ad8a80 'lombok/core/AnnotationProcessor$ProcessorDescriptor'
Event: 7818.268 Thread 0x00000292fee92160 Unloading class 0x0000029281ad8800 'lombok/core/AnnotationProcessor'
Event: 7818.268 Thread 0x00000292fee92160 Unloading class 0x00000292817ac000 'lombok/launch/AnnotationProcessorHider$AstModificationNotifierData'
Event: 7818.268 Thread 0x00000292fee92160 Unloading class 0x00000292817d3c98 'lombok/launch/AnnotationProcessorHider$ClaimingProcessor'
Event: 7818.268 Thread 0x00000292fee92160 Unloading class 0x00000292817d3a18 'lombok/launch/ClassFileMetaData'
Event: 7818.268 Thread 0x00000292fee92160 Unloading class 0x00000292817d3800 'lombok/launch/PackageShader'
Event: 7818.268 Thread 0x00000292fee92160 Unloading class 0x0000029281aa5c80 'lombok/launch/ShadowClassLoader'
Event: 7818.268 Thread 0x00000292fee92160 Unloading class 0x0000029281aa5a80 'lombok/launch/Main'
Event: 7818.268 Thread 0x00000292fee92160 Unloading class 0x0000029281aa5800 'lombok/launch/AnnotationProcessorHider$AnnotationProcessor'

Classes redefined (0 events):
No events

Internal exceptions (20 events):
Event: 7769.691 Thread 0x00000292a005fce0 Exception <a 'java/lang/NoSuchMethodError'{0x00000000f5a13338}: static [Ljava/net/URL;.<clinit>()V> (0x00000000f5a13338) 
thrown [s\open\src\hotspot\share\prims\jni.cpp, line 1106]
Event: 7776.281 Thread 0x000002929d660910 Exception <a 'sun/nio/fs/WindowsException'{0x00000000f574eed0}> (0x00000000f574eed0) 
thrown [s\open\src\hotspot\share\prims\jni.cpp, line 520]
Event: 7776.284 Thread 0x000002929d660910 Exception <a 'sun/nio/fs/WindowsException'{0x00000000f57502b0}> (0x00000000f57502b0) 
thrown [s\open\src\hotspot\share\prims\jni.cpp, line 520]
Event: 7776.286 Thread 0x000002929d660910 Exception <a 'sun/nio/fs/WindowsException'{0x00000000f5751680}> (0x00000000f5751680) 
thrown [s\open\src\hotspot\share\prims\jni.cpp, line 520]
Event: 7776.287 Thread 0x000002929d660910 Exception <a 'sun/nio/fs/WindowsException'{0x00000000f5752720}> (0x00000000f5752720) 
thrown [s\open\src\hotspot\share\prims\jni.cpp, line 520]
Event: 7779.052 Thread 0x000002929d660910 Exception <a 'java/lang/NoClassDefFoundError'{0x00000000f4f22448}: org/jetbrains/kotlin/gradle/plugin/KotlinPluginWrapper> (0x00000000f4f22448) 
thrown [s\open\src\hotspot\share\oops\constantPool.cpp, line 871]
Event: 7779.052 Thread 0x000002929d660910 Exception <a 'java/lang/NoClassDefFoundError'{0x00000000f4f245a0}: org/graalvm/buildtools/gradle/NativeImagePlugin> (0x00000000f4f245a0) 
thrown [s\open\src\hotspot\share\oops\constantPool.cpp, line 871]
Event: 7779.052 Thread 0x000002929d660910 Exception <a 'java/lang/NoClassDefFoundError'{0x00000000f4f266e8}: org/cyclonedx/gradle/CycloneDxPlugin> (0x00000000f4f266e8) 
thrown [s\open\src\hotspot\share\oops\constantPool.cpp, line 871]
Event: 7818.186 Thread 0x000002929f69e950 Exception <a 'sun/nio/fs/WindowsException'{0x00000000f1d486d8}> (0x00000000f1d486d8) 
thrown [s\open\src\hotspot\share\prims\jni.cpp, line 520]
Event: 7818.665 Thread 0x000002929f69e950 Exception <a 'sun/nio/fs/WindowsException'{0x00000000fff0ccc8}> (0x00000000fff0ccc8) 
thrown [s\open\src\hotspot\share\prims\jni.cpp, line 520]
Event: 7818.693 Thread 0x000002929f69e950 Exception <a 'sun/nio/fs/WindowsException'{0x00000000fff0dba0}> (0x00000000fff0dba0) 
thrown [s\open\src\hotspot\share\prims\jni.cpp, line 520]
Event: 7818.723 Thread 0x000002929f69e950 Exception <a 'sun/nio/fs/WindowsException'{0x00000000fff0ea78}> (0x00000000fff0ea78) 
thrown [s\open\src\hotspot\share\prims\jni.cpp, line 520]
Event: 7818.750 Thread 0x000002929f69e950 Exception <a 'sun/nio/fs/WindowsException'{0x00000000fff0f950}> (0x00000000fff0f950) 
thrown [s\open\src\hotspot\share\prims\jni.cpp, line 520]
Event: 7818.772 Thread 0x000002929f69e950 Exception <a 'sun/nio/fs/WindowsException'{0x00000000fff10828}> (0x00000000fff10828) 
thrown [s\open\src\hotspot\share\prims\jni.cpp, line 520]
Event: 7818.815 Thread 0x000002929f69e950 Exception <a 'sun/nio/fs/WindowsException'{0x00000000fff11700}> (0x00000000fff11700) 
thrown [s\open\src\hotspot\share\prims\jni.cpp, line 520]
Event: 7818.899 Thread 0x000002929f69e950 Exception <a 'sun/nio/fs/WindowsException'{0x00000000fff125d8}> (0x00000000fff125d8) 
thrown [s\open\src\hotspot\share\prims\jni.cpp, line 520]
Event: 7818.919 Thread 0x000002929f69e950 Exception <a 'sun/nio/fs/WindowsException'{0x00000000fff134b0}> (0x00000000fff134b0) 
thrown [s\open\src\hotspot\share\prims\jni.cpp, line 520]
Event: 7818.969 Thread 0x000002929f69e950 Exception <a 'sun/nio/fs/WindowsException'{0x00000000fff14388}> (0x00000000fff14388) 
thrown [s\open\src\hotspot\share\prims\jni.cpp, line 520]
Event: 7819.151 Thread 0x000002929f69e950 Exception <a 'sun/nio/fs/WindowsException'{0x00000000fff198f8}> (0x00000000fff198f8) 
thrown [s\open\src\hotspot\share\prims\jni.cpp, line 520]
Event: 7819.162 Thread 0x000002929f69e950 Exception <a 'sun/nio/fs/WindowsException'{0x00000000fff1a8f8}> (0x00000000fff1a8f8) 
thrown [s\open\src\hotspot\share\prims\jni.cpp, line 520]

ZGC Phase Switch (0 events):
No events

VM Operations (20 events):
Event: 7779.781 Executing VM operation: Cleanup done
Event: 7785.825 Executing VM operation: Cleanup
Event: 7785.855 Executing VM operation: Cleanup done
Event: 7786.857 Executing VM operation: Cleanup
Event: 7786.857 Executing VM operation: Cleanup done
Event: 7794.760 Executing VM operation: G1CollectForAllocation (G1 Evacuation Pause)
Event: 7794.837 Executing VM operation: G1CollectForAllocation (G1 Evacuation Pause) done
Event: 7795.839 Executing VM operation: Cleanup
Event: 7795.856 Executing VM operation: Cleanup done
Event: 7797.865 Executing VM operation: Cleanup
Event: 7797.866 Executing VM operation: Cleanup done
Event: 7817.021 Executing VM operation: Cleanup
Event: 7817.021 Executing VM operation: Cleanup done
Event: 7817.962 Executing VM operation: HandshakeAllThreads (HandshakeForDeflation)
Event: 7817.962 Executing VM operation: HandshakeAllThreads (HandshakeForDeflation) done
Event: 7817.962 Executing VM operation: RendezvousGCThreads
Event: 7817.962 Executing VM operation: RendezvousGCThreads done
Event: 7818.189 Executing VM operation: G1CollectFull (System.gc())
Event: 7818.648 Executing VM operation: G1CollectFull (System.gc()) done
Event: 7819.163 Executing VM operation: G1CollectFull (System.gc())

Events (20 events):
Event: 7818.334 Thread 0x00000292fee92160 flushing nmethod 0x00000292f4c71c10
Event: 7818.334 Thread 0x00000292fee92160 flushing nmethod 0x00000292f4504c10
Event: 7818.334 Thread 0x00000292fee92160 flushing nmethod 0x00000292f4a89890
Event: 7818.334 Thread 0x00000292fee92160 flushing nmethod 0x00000292f49cd890
Event: 7818.334 Thread 0x00000292fee92160 flushing nmethod 0x00000292f48c2610
Event: 7818.334 Thread 0x00000292fee92160 flushing nmethod 0x00000292f48d0a10
Event: 7818.334 Thread 0x00000292fee92160 flushing nmethod 0x00000292f4840a90
Event: 7818.334 Thread 0x00000292fee92160 flushing nmethod 0x00000292f47e3f90
Event: 7818.334 Thread 0x00000292fee92160 flushing nmethod 0x00000292f474f090
Event: 7818.334 Thread 0x00000292fee92160 flushing nmethod 0x00000292f468ab10
Event: 7818.334 Thread 0x00000292fee92160 flushing nmethod 0x00000292f468a210
Event: 7818.334 Thread 0x00000292fee92160 flushing nmethod 0x00000292f4630b10
Event: 7818.334 Thread 0x00000292fee92160 flushing nmethod 0x00000292f460ea90
Event: 7818.334 Thread 0x00000292fee92160 flushing nmethod 0x00000292f45ccc90
Event: 7818.334 Thread 0x00000292fee92160 flushing nmethod 0x00000292f4583f90
Event: 7818.334 Thread 0x00000292fee92160 flushing nmethod 0x00000292f451a810
Event: 7818.334 Thread 0x00000292fee92160 flushing nmethod 0x00000292f4486190
Event: 7818.334 Thread 0x00000292fee92160 flushing nmethod 0x00000292f4473990
Event: 7818.334 Thread 0x00000292fee92160 flushing nmethod 0x00000292f4370d90
Event: 7818.334 Thread 0x00000292fee92160 flushing nmethod 0x00000292f42d6010


Dynamic libraries:
0x00007ff6d9810000 - 0x00007ff6d9820000 	C:\Program Files\Java\jdk-21\bin\java.exe
0x00007ff9f3c30000 - 0x00007ff9f3e28000 	C:\WINDOWS\SYSTEM32\ntdll.dll
0x00007ff9f3360000 - 0x00007ff9f3422000 	C:\WINDOWS\System32\KERNEL32.DLL
0x00007ff9f13f0000 - 0x00007ff9f16e6000 	C:\WINDOWS\System32\KERNELBASE.dll
0x00007ff9f16f0000 - 0x00007ff9f17f0000 	C:\WINDOWS\System32\ucrtbase.dll
0x00007ff9cc870000 - 0x00007ff9cc88b000 	C:\Program Files\Java\jdk-21\bin\VCRUNTIME140.dll
0x00007ff9d8a20000 - 0x00007ff9d8a39000 	C:\Program Files\Java\jdk-21\bin\jli.dll
0x00007ff9f3b30000 - 0x00007ff9f3be1000 	C:\WINDOWS\System32\ADVAPI32.dll
0x00007ff9f2960000 - 0x00007ff9f29fe000 	C:\WINDOWS\System32\msvcrt.dll
0x00007ff9f2a60000 - 0x00007ff9f2aff000 	C:\WINDOWS\System32\sechost.dll
0x00007ff9f2510000 - 0x00007ff9f2630000 	C:\WINDOWS\System32\RPCRT4.dll
0x00007ff9f17f0000 - 0x00007ff9f1817000 	C:\WINDOWS\System32\bcrypt.dll
0x00007ff9f2b00000 - 0x00007ff9f2ca1000 	C:\WINDOWS\System32\USER32.dll
0x00007ff9f1820000 - 0x00007ff9f1842000 	C:\WINDOWS\System32\win32u.dll
0x00007ff9f2730000 - 0x00007ff9f275b000 	C:\WINDOWS\System32\GDI32.dll
0x00007ff9f19b0000 - 0x00007ff9f1ac9000 	C:\WINDOWS\System32\gdi32full.dll
0x00007ff9f1bb0000 - 0x00007ff9f1c4d000 	C:\WINDOWS\System32\msvcp_win.dll
0x00007ff9f0750000 - 0x00007ff9f09eb000 	C:\WINDOWS\WinSxS\amd64_microsoft.windows.common-controls_6595b64144ccf1df_6.0.19041.6456_none_60b8a6cb71f64256\COMCTL32.dll
0x00007ff9e9000000 - 0x00007ff9e900a000 	C:\WINDOWS\SYSTEM32\VERSION.dll
0x00007ff9f24e0000 - 0x00007ff9f250f000 	C:\WINDOWS\System32\IMM32.DLL
0x00007ff9ea150000 - 0x00007ff9ea15c000 	C:\Program Files\Java\jdk-21\bin\vcruntime140_1.dll
0x00007ff9bd4c0000 - 0x00007ff9bd54e000 	C:\Program Files\Java\jdk-21\bin\msvcp140.dll
0x00007ff97da10000 - 0x00007ff97e727000 	C:\Program Files\Java\jdk-21\bin\server\jvm.dll
0x00007ff9f32f0000 - 0x00007ff9f335b000 	C:\WINDOWS\System32\WS2_32.dll
0x00007ff9f1070000 - 0x00007ff9f10bb000 	C:\WINDOWS\SYSTEM32\POWRPROF.dll
0x00007ff9dcd10000 - 0x00007ff9dcd37000 	C:\WINDOWS\SYSTEM32\WINMM.dll
0x00007ff9f1050000 - 0x00007ff9f1062000 	C:\WINDOWS\SYSTEM32\UMPDC.dll
0x00007ff9ef3f0000 - 0x00007ff9ef402000 	C:\WINDOWS\SYSTEM32\kernel.appcore.dll
0x00007ff9e7f10000 - 0x00007ff9e7f1a000 	C:\Program Files\Java\jdk-21\bin\jimage.dll
0x00007ff9f0c00000 - 0x00007ff9f0e01000 	C:\WINDOWS\SYSTEM32\DBGHELP.DLL
0x00007ff9f0bc0000 - 0x00007ff9f0bf4000 	C:\WINDOWS\SYSTEM32\dbgcore.DLL
0x00007ff9f1ad0000 - 0x00007ff9f1b52000 	C:\WINDOWS\System32\bcryptPrimitives.dll
0x00007ff9e7c40000 - 0x00007ff9e7c4f000 	C:\Program Files\Java\jdk-21\bin\instrument.dll
0x00007ff9cc850000 - 0x00007ff9cc86f000 	C:\Program Files\Java\jdk-21\bin\java.dll
0x00007ff9f1c50000 - 0x00007ff9f23c0000 	C:\WINDOWS\System32\SHELL32.dll
0x00007ff9eea80000 - 0x00007ff9ef225000 	C:\WINDOWS\SYSTEM32\windows.storage.dll
0x00007ff9f2f90000 - 0x00007ff9f32e4000 	C:\WINDOWS\System32\combase.dll
0x00007ff9f0470000 - 0x00007ff9f049b000 	C:\WINDOWS\SYSTEM32\Wldp.dll
0x00007ff9f2660000 - 0x00007ff9f272d000 	C:\WINDOWS\System32\OLEAUT32.dll
0x00007ff9f2430000 - 0x00007ff9f24dd000 	C:\WINDOWS\System32\SHCORE.dll
0x00007ff9f3ad0000 - 0x00007ff9f3b2b000 	C:\WINDOWS\System32\shlwapi.dll
0x00007ff9f11f0000 - 0x00007ff9f1214000 	C:\WINDOWS\SYSTEM32\profapi.dll
0x00007ff9a6b10000 - 0x00007ff9a6be7000 	C:\Program Files\Java\jdk-21\bin\jsvml.dll
0x00007ff9ca860000 - 0x00007ff9ca878000 	C:\Program Files\Java\jdk-21\bin\zip.dll
0x00007ff9e5060000 - 0x00007ff9e5070000 	C:\Program Files\Java\jdk-21\bin\net.dll
0x00007ff9edab0000 - 0x00007ff9edbba000 	C:\WINDOWS\SYSTEM32\WINHTTP.dll
0x00007ff9f0250000 - 0x00007ff9f02ba000 	C:\WINDOWS\system32\mswsock.dll
0x00007ff9c9ec0000 - 0x00007ff9c9ed6000 	C:\Program Files\Java\jdk-21\bin\nio.dll
0x00007ff9e5020000 - 0x00007ff9e5030000 	C:\Program Files\Java\jdk-21\bin\verify.dll
0x00007ff9cc890000 - 0x00007ff9cc8b7000 	C:\Users\DAMIN\.gradle\native\1def1411415f61bf3af743bc5b6707747c0891f09f0c88961ee8f79bc544acac\windows-amd64\native-platform.dll
0x00007ff9b4770000 - 0x00007ff9b47e8000 	C:\Users\DAMIN\.gradle\native\0.2.7\x86_64-windows-gnu\gradle-fileevents.dll
0x00007ff9e4f40000 - 0x00007ff9e4f4a000 	C:\Program Files\Java\jdk-21\bin\management.dll
0x00007ff9db3d0000 - 0x00007ff9db3db000 	C:\Program Files\Java\jdk-21\bin\management_ext.dll
0x00007ff9f2630000 - 0x00007ff9f2638000 	C:\WINDOWS\System32\PSAPI.DLL
0x00007ff9eff50000 - 0x00007ff9eff8b000 	C:\WINDOWS\SYSTEM32\IPHLPAPI.DLL
0x00007ff9f28f0000 - 0x00007ff9f28f8000 	C:\WINDOWS\System32\NSI.dll
0x00007ff9d50d0000 - 0x00007ff9d50d9000 	C:\Program Files\Java\jdk-21\bin\extnet.dll
0x00007ff9f0fc0000 - 0x00007ff9f0fd8000 	C:\WINDOWS\SYSTEM32\CRYPTSP.dll
0x00007ff9efbf0000 - 0x00007ff9efc28000 	C:\WINDOWS\system32\rsaenh.dll
0x00007ff9f1170000 - 0x00007ff9f119e000 	C:\WINDOWS\SYSTEM32\USERENV.dll
0x00007ff9f03e0000 - 0x00007ff9f03ec000 	C:\WINDOWS\SYSTEM32\CRYPTBASE.dll
0x00007ff9cbb50000 - 0x00007ff9cbb5e000 	C:\Program Files\Java\jdk-21\bin\sunmscapi.dll
0x00007ff9f1850000 - 0x00007ff9f19ad000 	C:\WINDOWS\System32\CRYPT32.dll
0x00007ff9f05c0000 - 0x00007ff9f05e7000 	C:\WINDOWS\SYSTEM32\ncrypt.dll
0x00007ff9f0580000 - 0x00007ff9f05bb000 	C:\WINDOWS\SYSTEM32\NTASN1.dll
0x00007ff9ea220000 - 0x00007ff9ea227000 	C:\WINDOWS\system32\wshunix.dll
0x00007ff9eff90000 - 0x00007ff9f005a000 	C:\WINDOWS\SYSTEM32\DNSAPI.dll
0x00007ff9de680000 - 0x00007ff9de68a000 	C:\Windows\System32\rasadhlp.dll
0x00007ff9ddf30000 - 0x00007ff9ddfb0000 	C:\WINDOWS\System32\fwpuclnt.dll

dbghelp: loaded successfully - version: 4.0.5 - missing functions: none
symbol engine: initialized successfully - sym options: 0x614 - pdb path: .;C:\Program Files\Java\jdk-21\bin;C:\WINDOWS\SYSTEM32;C:\WINDOWS\WinSxS\amd64_microsoft.windows.common-controls_6595b64144ccf1df_6.0.19041.6456_none_60b8a6cb71f64256;C:\Program Files\Java\jdk-21\bin\server;C:\Users\DAMIN\.gradle\native\1def1411415f61bf3af743bc5b6707747c0891f09f0c88961ee8f79bc544acac\windows-amd64;C:\Users\DAMIN\.gradle\native\0.2.7\x86_64-windows-gnu

VM Arguments:
jvm_args: --add-opens=java.base/java.lang=ALL-UNNAMED --add-opens=java.base/java.lang.invoke=ALL-UNNAMED --add-opens=java.base/java.util=ALL-UNNAMED --add-opens=java.prefs/java.util.prefs=ALL-UNNAMED --add-exports=jdk.compiler/com.sun.tools.javac.api=ALL-UNNAMED --add-exports=jdk.compiler/com.sun.tools.javac.util=ALL-UNNAMED --add-opens=java.base/java.util=ALL-UNNAMED --add-opens=java.prefs/java.util.prefs=ALL-UNNAMED --add-opens=java.base/java.nio.charset=ALL-UNNAMED --add-opens=java.base/java.net=ALL-UNNAMED --add-opens=java.base/java.util.concurrent.atomic=ALL-UNNAMED --add-opens=java.xml/javax.xml.namespace=ALL-UNNAMED -XX:MaxMetaspaceSize=384m -XX:+HeapDumpOnOutOfMemoryError -Xms256m -Xmx512m -Dfile.encoding=UTF-8 -Duser.country=KR -Duser.language=ko -Duser.variant -javaagent:C:\Users\DAMIN\.gradle\wrapper\dists\gradle-8.14.3-bin\cv11ve7ro1n3o1j4so8xd9n66\gradle-8.14.3\lib\agents\gradle-instrumentation-agent-8.14.3.jar 
java_command: org.gradle.launcher.daemon.bootstrap.GradleDaemon 8.14.3
java_class_path (initial): C:\Users\DAMIN\.gradle\wrapper\dists\gradle-8.14.3-bin\cv11ve7ro1n3o1j4so8xd9n66\gradle-8.14.3\lib\gradle-daemon-main-8.14.3.jar
Launcher Type: SUN_STANDARD

[Global flags]
     intx CICompilerCount                          = 4                                         {product} {ergonomic}
   size_t CompressedClassSpaceSize                 = 335544320                                 {product} {ergonomic}
     uint ConcGCThreads                            = 2                                         {product} {ergonomic}
     uint G1ConcRefinementThreads                  = 8                                         {product} {ergonomic}
   size_t G1HeapRegionSize                         = 1048576                                   {product} {ergonomic}
    uintx GCDrainStackTargetSize                   = 64                                        {product} {ergonomic}
     bool HeapDumpOnOutOfMemoryError               = true                                   {manageable} {command line}
   size_t InitialHeapSize                          = 268435456                                 {product} {command line}
   size_t MarkStackSize                            = 4194304                                   {product} {ergonomic}
   size_t MaxHeapSize                              = 536870912                                 {product} {command line}
   size_t MaxMetaspaceSize                         = 402653184                                 {product} {command line}
   size_t MaxNewSize                               = 321912832                                 {product} {ergonomic}
   size_t MinHeapDeltaBytes                        = 1048576                                   {product} {ergonomic}
   size_t MinHeapSize                              = 268435456                                 {product} {command line}
    uintx NonNMethodCodeHeapSize                   = 5839372                                {pd product} {ergonomic}
    uintx NonProfiledCodeHeapSize                  = 122909434                              {pd product} {ergonomic}
    uintx ProfiledCodeHeapSize                     = 122909434                              {pd product} {ergonomic}
    uintx ReservedCodeCacheSize                    = 251658240                              {pd product} {ergonomic}
     bool SegmentedCodeCache                       = true                                      {product} {ergonomic}
   size_t SoftMaxHeapSize                          = 536870912                              {manageable} {ergonomic}
     bool UseCompressedOops                        = true                           {product lp64_product} {ergonomic}
     bool UseG1GC                                  = true                                      {product} {ergonomic}
     bool UseLargePagesIndividualAllocation        = false                                  {pd product} {ergonomic}

Logging:
Log output configuration:
 #0: stdout all=warning uptime,level,tags foldmultilines=false
 #1: stderr all=off uptime,level,tags foldmultilines=false

Environment Variables:
JAVA_HOME=C:\Program Files\Java\jdk-21
PATH=C:\app\DAMIN\product\21c\dbhomeXE\bin;C:\Program Files (x86)\VMware\VMware Player\bin\;C:\Program Files\Java\jdk-21\bin;C:\Program Files\Common Files\Oracle\Java\javapath;C:\WINDOWS\system32;C:\WINDOWS;C:\WINDOWS\System32\Wbem;C:\WINDOWS\System32\WindowsPowerShell\v1.0\;C:\WINDOWS\System32\OpenSSH\;C:\Program Files\Microsoft SQL Server\130\Tools\Binn\;C:\Program Files (x86)\PuTTY\;C:\Program Files\dotnet\;C:\Program Files\Git\cmd;C:\Program Files\Go\bin;C:\Program Files\Java\jdk-21;C:\Program Files\nodejs\;C:\Program Files\MySQL\MySQL Server 8.0\bin;c:\Users\DAMIN\AppData\Local\Programs\cursor\resources\app\bin;C:\Users\DAMIN\AppData\Local\Android\Sdk\platform-tools;C:\Users\DAMIN\AppData\Local\Programs\Python\Python310\Scripts\;C:\Users\DAMIN\AppData\Local\Programs\Python\Python310\;C:\Users\DAMIN\AppData\Local\Programs\Python\Python38-32\Scripts\;C:\Users\DAMIN\AppData\Local\Programs\Python\Python38-32\;C:\Users\DAMIN\AppData\Local\Microsoft\WindowsApps;C:\Users\DAMIN\.dotnet\tools;;C:\Users\DAMIN\Desktop\Microsoft VS Code\bin;C:\Users\DAMIN\go\bin;C:\Users\DAMIN\AppData\Local\afreeca;C:\Users\DAMIN\AppData\Roaming\npm;C:\Program Files\JetBrains\IntelliJ IDEA 2024.2.4\bin;;C:\Users\DAMIN\AppData\Local\Programs\cursor\resources\app\bin
USERNAME=DAMIN
TMPDIR=C:\Users\Public\Documents\ESTsoft\CreatorTemp
OS=Windows_NT
PROCESSOR_IDENTIFIER=Intel64 Family 6 Model 142 Stepping 12, GenuineIntel
TMP=C:\Users\DAMIN\AppData\Local\Temp
TEMP=C:\Users\DAMIN\AppData\Local\Temp




Periodic native trim disabled

---------------  S Y S T E M  ---------------

OS:
 Windows 10 , 64 bit Build 19041 (10.0.19041.5915)
OS uptime: 1 days 2:57 hours
Hyper-V role detected

CPU: total 8 (initial active 8) (4 cores per cpu, 2 threads per core) family 6 model 142 stepping 12 microcode 0xc0, cx8, cmov, fxsr, ht, mmx, 3dnowpref, sse, sse2, sse3, ssse3, sse4.1, sse4.2, popcnt, lzcnt, tsc, tscinvbit, avx, avx2, aes, erms, clmul, bmi1, bmi2, adx, fma, vzeroupper, clflush, clflushopt, hv, rdtscp, f16c
Processor Information for all 8 processors :
  Max Mhz: 2112, Current Mhz: 1609, Mhz Limit: 1605

Memory: 4k page, system-wide physical 16163M (1237M free)
TotalPageFile size 28163M (AvailPageFile size 3M)
current process WorkingSet (physical memory assigned to process): 626M, peak: 695M
current process commit charge ("private bytes"): 775M, peak: 799M

vm_info: Java HotSpot(TM) 64-Bit Server VM (21.0.2+13-LTS-58) for windows-amd64 JRE (21.0.2+13-LTS-58), built on 2024-01-05T18:32:24Z by "mach5one" with MS VC++ 17.1 (VS2022)

END.
